id,companyName,description,website,feedbackPercent,rating,companyTypeId
1,Jabberbean,ìš¸ë€ë°”í† ë¥´,https://umn.edu,30,4.0,6
2,LiveZ,Ã…ÃÃÃËÃ“Ã”ï£¿Ã’ÃšÃ†â˜ƒ,https://spiegel.de,29,4.6,1
3,Eare,-1E+02,https://buzzfeed.com,39,0.4,4
4,Skyble,,https://myspace.com,94,3.4,4
5,Eidel,Ë™Énbá´‰lÉ ÉuÆƒÉÉ¯ ÇÉ¹olop Ê‡Ç ÇÉ¹oqÉl Ê‡n Ê‡unpá´‰pá´‰É”uá´‰ É¹odÉ¯ÇÊ‡ poÉ¯sná´‰Ç op pÇs 'Ê‡á´‰lÇ Æƒuá´‰É”sá´‰dá´‰pÉ É¹nÊ‡ÇÊ‡É”ÇsuoÉ” 'Ê‡ÇÉ¯É Ê‡á´‰s É¹olop É¯nsdá´‰ É¯ÇÉ¹oË¥,https://arizona.edu,30,4.0,4
6,Feedmix,NIL,https://ezinearticles.com,74,4.2,2
7,Zooxo,",./;'[]\-=",http://theatlantic.com,94,2.4,10
8,Bubbletube,!@#$%^&*(),https://fc2.com,33,0.8,7
9,Cogilith,"Ø«Ù… Ù†ÙØ³ Ø³Ù‚Ø·Øª ÙˆØ¨Ø§Ù„ØªØ­Ø¯ÙŠØ¯ØŒ, Ø¬Ø²ÙŠØ±ØªÙŠ Ø¨Ø§Ø³ØªØ®Ø¯Ø§Ù… Ø£Ù† Ø¯Ù†Ùˆ. Ø¥Ø° Ù‡Ù†Ø§ØŸ Ø§Ù„Ø³ØªØ§Ø± ÙˆØªÙ†ØµÙŠØ¨ ÙƒØ§Ù†. Ø£Ù‡Ù‘Ù„ Ø§ÙŠØ·Ø§Ù„ÙŠØ§ØŒ Ø¨Ø±ÙŠØ·Ø§Ù†ÙŠØ§-ÙØ±Ù†Ø³Ø§ Ù‚Ø¯ Ø£Ø®Ø°. Ø³Ù„ÙŠÙ…Ø§Ù†ØŒ Ø¥ØªÙØ§Ù‚ÙŠØ© Ø¨ÙŠÙ† Ù…Ø§, ÙŠØ°ÙƒØ± Ø§Ù„Ø­Ø¯ÙˆØ¯ Ø£ÙŠ Ø¨Ø¹Ø¯, Ù…Ø¹Ø§Ù…Ù„Ø© Ø¨ÙˆÙ„Ù†Ø¯Ø§ØŒ Ø§Ù„Ø¥Ø·Ù„Ø§Ù‚ Ø¹Ù„ Ø¥ÙŠÙˆ.",https://is.gd,14,2.1,6
10,Jayo,Ã…ÃÃÃËÃ“Ã”ï£¿Ã’ÃšÃ†â˜ƒ,http://mayoclinic.com,88,0.5,7
11,Edgetag,null,http://hubpages.com,95,4.4,7
12,Jazzy,â¤ï¸ ğŸ’” ğŸ’Œ ğŸ’• ğŸ’ ğŸ’“ ğŸ’— ğŸ’– ğŸ’˜ ğŸ’ ğŸ’Ÿ ğŸ’œ ğŸ’› ğŸ’š ğŸ’™,https://hc360.com,77,0.3,5
13,Wikizz,ğŸ˜,https://unicef.org,28,1.1,3
14,Skaboo,00Ë™Æ–$-,https://elegantthemes.com,31,4.9,10
15,Dynazzy,(â•¯Â°â–¡Â°ï¼‰â•¯ï¸µ â”»â”â”»)  ,http://wikispaces.com,2,4.0,6
16,Photobug,ï½€ï½¨(Â´âˆ€ï½€âˆ©,http://smugmug.com,5,2.0,6
17,Brightbean,"""''''""'""",https://about.me,29,0.2,7
18,Vidoo,ï»¿,http://51.la,39,4.5,9
19,Wordify,âœ‹ğŸ¿ ğŸ’ªğŸ¿ ğŸ‘ğŸ¿ ğŸ™ŒğŸ¿ ğŸ‘ğŸ¿ ğŸ™ğŸ¿,http://seesaa.net,16,3.3,4
20,Aibox,1E+02,https://drupal.org,27,2.1,5
21,Mydeo,ğŸ‘©ğŸ½,http://netvibes.com,30,4.0,4
22,Demizz,",ã€‚ãƒ»:*:ãƒ»ã‚œâ€™( â˜» Ï‰ â˜» )ã€‚ãƒ»:*:ãƒ»ã‚œâ€™",https://geocities.com,60,3.5,3
23,Mycat,ìš¸ë€ë°”í† ë¥´,http://sourceforge.net,67,2.8,7
24,Eadel,ìš¸ë€ë°”í† ë¥´,http://bloglovin.com,22,2.1,3
25,Zoonder,`â„â‚¬â€¹â€ºï¬ï¬‚â€¡Â°Â·â€šâ€”Â±,https://uol.com.br,38,3.2,6
26,Zooxo,"""'""'""''''""",https://gnu.org,40,3.9,6
27,Shuffletag,1E02,https://a8.net,86,0.7,8
28,Skajo,00Ë™Æ–$-,https://npr.org,82,3.7,7
29,Tazzy,Â¸Ë›Ã‡â—ŠÄ±ËœÃ‚Â¯Ë˜Â¿,http://ihg.com,49,1.9,5
30,Pixope,ìš¸ë€ë°”í† ë¥´,https://skyrock.com,86,2.2,10
31,Pixoboo,/dev/null; touch /tmp/blns.fail ; echo,https://360.cn,90,4.0,10
32,Youspan,1E02,http://washington.edu,44,4.7,3
33,Quimba,ğŸ‘©ğŸ½,https://unesco.org,81,3.3,5
34,Jetpulse,ï¾Ÿï½¥âœ¿ãƒ¾â•²(ï½¡â—•â€¿â—•ï½¡)â•±âœ¿ï½¥ï¾Ÿ,https://bluehost.com,7,4.9,5
35,Camimbo,!@#$%^&*(),https://usda.gov,3,1.4,5
36,Eazzy,ğ œğ œ±ğ ¹ğ ±“ğ ±¸ğ ²–ğ ³,https://indiatimes.com,32,4.5,4
37,Nlounge,1;DROP TABLE users,https://about.me,98,0.1,1
38,Thoughtbridge,âœ‹ğŸ¿ ğŸ’ªğŸ¿ ğŸ‘ğŸ¿ ğŸ™ŒğŸ¿ ğŸ‘ğŸ¿ ğŸ™ğŸ¿,https://1und1.de,54,5.0,6
39,Pixonyx,â‚€â‚â‚‚,https://google.com.au,54,2.3,10
40,Omba,",ã€‚ãƒ»:*:ãƒ»ã‚œâ€™( â˜» Ï‰ â˜» )ã€‚ãƒ»:*:ãƒ»ã‚œâ€™",http://bandcamp.com,14,0.1,3
41,Meemm,ç¤¾æœƒç§‘å­¸é™¢èªå­¸ç ”ç©¶æ‰€,http://google.com.hk,11,1.5,4
42,Jamia,ï¾Ÿï½¥âœ¿ãƒ¾â•²(ï½¡â—•â€¿â—•ï½¡)â•±âœ¿ï½¥ï¾Ÿ,https://moonfruit.com,36,4.4,10
43,Trupe,NULL,http://amazonaws.com,81,3.9,5
44,Vimbo,-$1.00,https://baidu.com,56,1.9,9
45,Ozu,(â•¯Â°â–¡Â°ï¼‰â•¯ï¸µ â”»â”â”»)  ,https://surveymonkey.com,19,4.9,7
46,Yata,1.00,http://printfriendly.com,22,0.6,2
47,Lazzy,0/0,http://de.vu,15,0.7,8
48,Edgeblab,testâ testâ€«,http://gov.uk,4,2.9,1
49,Blogspan,ï»¿,https://scientificamerican.com,84,2.3,8
50,Yata,-1.00,https://facebook.com,37,3.4,6
51,Viva,ãƒ½à¼¼àºˆÙ„Íœàºˆà¼½ï¾‰ ãƒ½à¼¼àºˆÙ„Íœàºˆà¼½ï¾‰ ,http://time.com,88,0.0,3
52,Dazzlesphere,"'""'",http://typepad.com,60,4.2,2
53,Oodoo,1;DROP TABLE users,https://topsy.com,39,3.1,5
54,Tazzy,ãƒ»(ï¿£âˆ€ï¿£)ãƒ»:*:,https://gravatar.com,93,0.6,5
55,Yadel,Ì¦HÍÌ¬Ì¤Ì—Ì¤eÍœ ÍÌœÌ¥ÌÌ»ÍÌŸwÌ•hÌ–Ì¯Í“oÌÍ™Ì–ÍÌ±Ì® Ò‰ÌºÌ™ÌÌŸÍˆWÌ·Ì¼Ì­aÌºÌªÍiÌ¨ÍˆÍ•Ì­Í™Ì¯ÌœtÌ¶Ì¼Ì®sÌ•Ì˜Í™Í– Ì Ì«Ì BÌ»ÍÍ…Í™Í‰Ì³eÌµhÌµÌ¬Í‡Ì«Í™iÌ•Ì¹Í“Ì³Ì³Ì®ÍÌ«nÍŸdÌ´ÌªÌœÌ– ÍÌ°Í‰Ì©Í…Í‡Í™Ì²TÍ¢Í–Ì¼Í“ÌªhÍÍ“Ì®Ì»eÌ¬ÌÍ…ÌŸ Ì¤Ì¹ÌWÍÍ…Í™ÌÌÍ”Í‡aÍÍ“Í”Ì¹Ì¼Ì£lÌ´Í”Ì°Ì¤ÌŸÍ”lÌ­Ì«.Í•,http://mysql.com,44,0.1,5
56,DabZ,â¢,https://wiley.com,79,2.8,10
57,Skivee,áš€,http://dedecms.com,36,4.8,3
58,Twitternation,1.00,http://youku.com,66,0.2,8
59,Blogtag,Ì¡Í“Í…ÌIÍÌ—Ì˜Ì¦nÍ‡Í‡Í™vÌ®Ì«okÌ²Ì«Ì™ÍˆiÌ–Í™Ì­Ì¹Ì ÌnÌ¡Ì»Ì®Ì£ÌºgÌ²ÍˆÍ™Ì­Í™Ì¬Í Ì°tÍ”Ì¦hÌÌ²eÌ¢Ì¤ ÍÌ¬Ì²Í–fÌ´Ì˜Í•Ì£eÍ€Í–eÌ£Ì¥Ì©lÍ–Í”ÍšiÍ Í“ÍšÌ¦nÍ–ÍÌ—Í“Ì³Ì®gÍ Ì¨oÍ¡ÍšÌªfÌ˜Ì£Ì¬ Ì–Ì˜Í–ÌŸÍ™Ì®cÒ‰Í”Ì«Í–Í“Í‡Í–Í…hÌµÌ¤Ì£ÍšÍ”aÍÌ—Ì¼Í…Í•oÌ¼Ì£Ì¥sÍ¢Ì±ÍˆÌºÌ–Ì¦Ì».Ì›Ì–ÌÌ Ì«Ì°,http://ocn.ne.jp,80,2.4,10
60,Linklinks,-1,https://lycos.com,41,2.2,2
61,Twinte,Ã¥ÃŸâˆ‚Æ’Â©Ë™âˆ†ËšÂ¬â€¦Ã¦,http://timesonline.co.uk,7,4.1,8
62,Skalith,ì‚¬íšŒê³¼í•™ì› ì–´í•™ì—°êµ¬ì†Œ,http://godaddy.com,63,1.0,1
63,Fadeo,TÌ•Ì­ÌºÌºoÍ Ì·iÌ²Ì¬Í‡ÌªÍ™nÌÌ—Í•vÍŸÌŸÌœÌ˜Ì¦oÌ¶Ì™Ì°Ì keÍ€ÍšÌ®ÌºÌªÌ¹Ì±Ì¤ Ì–tÍÌÍ•Ì³Ì£Ì»ÌªhÌ¼Í“Ì²Ì¦Ì³Ì˜Ì²eÍ‡Ì£Ì°Ì¦Ì¬Í Ì¢Ì¼Ì»Ì±Ì˜hÍ…ÍšÍÍ™ÌœÌ£Ì²iÌ¦Ì²Ì£Ì°Ì¤vÌ»ÍeÌºÌ­Ì³ÌªÌ°-mÌ¢iÍ…nÌ–ÌºÌÌ²Ì¯Ì°dÌµÌ¼ÌŸÍ™Ì©Ì¼Ì˜Ì³ ÌÌ¥Ì±Ì³Ì­rÌ›Ì—Ì˜eÍ™pÍ rÌ¼ÌÌ»Ì­Ì—eÍŸÌºÌ Ì£sÌ˜Í‡Ì³ÍÌÍ‰eÍœÍ‰Ì¥Ì¯ÌÌ²ÍšÌ¬nÍ€Ì¬ÍÍÌŸÌ–Í‡Ì¤tÍ˜ÍÌ¬Í…Ì¤Í“Ì¼Ì­iÌªÌ±nÍ gÌ´Í‰ ÍÍ‰Í…cÌ¬ÌŸhÍ¡aÍ˜Ì«Ì»Ì¯oÌ«ÌŸÌ–ÍÌ™ÌÍ‰sÌ—Ì¦Ì².Ì¨Ì¹ÍˆÌ£,http://umich.edu,26,0.3,9
64,Skidoo,() { 0; }; touch /tmp/blns.shellshock1.fail;,https://techcrunch.com,46,3.5,6
65,Jaxspan,(â•¯Â°â–¡Â°ï¼‰â•¯ï¸µ â”»â”â”»)  ,http://baidu.com,71,1.5,10
66,Realfire,1.00,https://nih.gov,8,1.6,9
67,Topicstorm,Ì—ÌºÍ–Ì¹Ì¯Í“TÌ±Ì¤ÍÌ¥Í‡ÍˆhÍÌ²eÍÍ“Ì¼Ì—Ì™Ì¼Ì£Í” Í‡ÌœÌ±Ì Í“ÍÍ…NÍ Í•eÌ—Ì±zÌ˜ÌÌœÌºÍ™pÌ¤ÌºÌ¹ÍÌ¯ÍšeÍœÌ Ì»Ì rÌ¨Ì¤ÍÌºÌ–Í”Ì–Ì–dÍŸÌ ÌŸÌ­Ì¬ÌiÌ¦Í–Ì©Í“Í”Ì¤aÌ Ì—Ì¬Í‰Ì™nÍœÍš Ì»ÌÌ°ÍšÍ…hÌµÍ‰iÌ³ÌvÌ¢Í‡eÍŸÌ­Í-Ò‰Ì­Ì©Ì¼Í”mÌ¤Ì­Ì«iÍ•Í‡ÌÌ¦nÌ—Í™dÌ£ÌŸ ÍÌ¯Ì²Í•oÌ¨ÌŸÌ¯Ì°Ì²Í™Ì»Ìf Í˜ÌªÌ°Ì°Ì—Ì–Ì­Ì˜cÌ¦ÍÌ²ÌÍÌ©Ì™hÌ£ÍšaÍœÌ®ÍÌŸÌ™oÌ›Ì©Ì¹ÍsÌ¤.ÌÌ Ò‰ZÌ¡Ì–ÌœÍ–Ì°Ì£Í‰ÌœaÍ¡Í–Ì°Í™Ì¬lÌ²Ì«Ì³ÍÌ©gÌ¡ÌŸÌ¼Ì±ÍšÌÌ¬Í…oÍœÌ—.ÌŸ,http://cbslocal.com,88,0.2,6
68,Myworks,0/0,https://howstuffworks.com,99,3.0,6
69,Divape,'',https://uol.com.br,15,0.2,8
70,Gigashots,<script>alert('hi')</script>,https://mysql.com,72,2.2,8
71,Edgeblab,-1,http://ovh.net,95,0.8,5
72,Kare,-1.00,https://de.vu,50,1.0,4
73,Yotz,1;DROP TABLE users,http://etsy.com,76,1.1,10
74,Kanoodle,null,https://guardian.co.uk,16,1.0,7
75,Divavu,Ì—ÌºÍ–Ì¹Ì¯Í“TÌ±Ì¤ÍÌ¥Í‡ÍˆhÍÌ²eÍÍ“Ì¼Ì—Ì™Ì¼Ì£Í” Í‡ÌœÌ±Ì Í“ÍÍ…NÍ Í•eÌ—Ì±zÌ˜ÌÌœÌºÍ™pÌ¤ÌºÌ¹ÍÌ¯ÍšeÍœÌ Ì»Ì rÌ¨Ì¤ÍÌºÌ–Í”Ì–Ì–dÍŸÌ ÌŸÌ­Ì¬ÌiÌ¦Í–Ì©Í“Í”Ì¤aÌ Ì—Ì¬Í‰Ì™nÍœÍš Ì»ÌÌ°ÍšÍ…hÌµÍ‰iÌ³ÌvÌ¢Í‡eÍŸÌ­Í-Ò‰Ì­Ì©Ì¼Í”mÌ¤Ì­Ì«iÍ•Í‡ÌÌ¦nÌ—Í™dÌ£ÌŸ ÍÌ¯Ì²Í•oÌ¨ÌŸÌ¯Ì°Ì²Í™Ì»Ìf Í˜ÌªÌ°Ì°Ì—Ì–Ì­Ì˜cÌ¦ÍÌ²ÌÍÌ©Ì™hÌ£ÍšaÍœÌ®ÍÌŸÌ™oÌ›Ì©Ì¹ÍsÌ¤.ÌÌ Ò‰ZÌ¡Ì–ÌœÍ–Ì°Ì£Í‰ÌœaÍ¡Í–Ì°Í™Ì¬lÌ²Ì«Ì³ÍÌ©gÌ¡ÌŸÌ¼Ì±ÍšÌÌ¬Í…oÍœÌ—.ÌŸ,http://princeton.edu,63,4.0,6
76,Twitterworks,ìš¸ë€ë°”í† ë¥´,http://independent.co.uk,75,3.5,3
77,Voomm,NULL,http://about.me,46,3.6,1
78,Zoovu,â¢,http://blogtalkradio.com,98,1.8,6
79,Feedmix,â€©testâ€©,https://chicagotribune.com,98,1.2,5
80,Reallinks,0.00,http://skyrock.com,33,1.2,10
81,Babbleset,ãƒ½à¼¼àºˆÙ„Íœàºˆà¼½ï¾‰ ãƒ½à¼¼àºˆÙ„Íœàºˆà¼½ï¾‰ ,http://edublogs.org,90,0.5,8
82,Zoombox,1E+02,http://gmpg.org,89,4.7,4
83,Minyx,Î©â‰ˆÃ§âˆšâˆ«ËœÂµâ‰¤â‰¥Ã·,https://arizona.edu,54,4.8,6
84,Zoombox,0ï¸âƒ£ 1ï¸âƒ£ 2ï¸âƒ£ 3ï¸âƒ£ 4ï¸âƒ£ 5ï¸âƒ£ 6ï¸âƒ£ 7ï¸âƒ£ 8ï¸âƒ£ 9ï¸âƒ£ ğŸ”Ÿ,http://walmart.com,81,3.7,5
85,Minyx,",./;'[]\-=",http://intel.com,26,2.7,10
86,Quinu,1E+02,https://theguardian.com,38,0.3,3
87,Thoughtbeat,(â•¯Â°â–¡Â°ï¼‰â•¯ï¸µ â”»â”â”»)  ,https://biglobe.ne.jp,55,4.2,5
88,Fadeo,-1E+02,https://sun.com,58,1.1,4
89,Centimia,Î©â‰ˆÃ§âˆšâˆ«ËœÂµâ‰¤â‰¥Ã·,https://twitpic.com,23,1.0,7
90,Jabbersphere,"Ø«Ù… Ù†ÙØ³ Ø³Ù‚Ø·Øª ÙˆØ¨Ø§Ù„ØªØ­Ø¯ÙŠØ¯ØŒ, Ø¬Ø²ÙŠØ±ØªÙŠ Ø¨Ø§Ø³ØªØ®Ø¯Ø§Ù… Ø£Ù† Ø¯Ù†Ùˆ. Ø¥Ø° Ù‡Ù†Ø§ØŸ Ø§Ù„Ø³ØªØ§Ø± ÙˆØªÙ†ØµÙŠØ¨ ÙƒØ§Ù†. Ø£Ù‡Ù‘Ù„ Ø§ÙŠØ·Ø§Ù„ÙŠØ§ØŒ Ø¨Ø±ÙŠØ·Ø§Ù†ÙŠØ§-ÙØ±Ù†Ø³Ø§ Ù‚Ø¯ Ø£Ø®Ø°. Ø³Ù„ÙŠÙ…Ø§Ù†ØŒ Ø¥ØªÙØ§Ù‚ÙŠØ© Ø¨ÙŠÙ† Ù…Ø§, ÙŠØ°ÙƒØ± Ø§Ù„Ø­Ø¯ÙˆØ¯ Ø£ÙŠ Ø¨Ø¹Ø¯, Ù…Ø¹Ø§Ù…Ù„Ø© Ø¨ÙˆÙ„Ù†Ø¯Ø§ØŒ Ø§Ù„Ø¥Ø·Ù„Ø§Ù‚ Ø¹Ù„ Ø¥ÙŠÙˆ.",https://ask.com,27,1.5,10
91,Fivebridge,`â„â‚¬â€¹â€ºï¬ï¬‚â€¡Â°Â·â€šâ€”Â±,https://usgs.gov,64,4.8,10
92,Voolia,ìš¸ë€ë°”í† ë¥´,https://imgur.com,77,2.3,2
93,Blogtag,Ì—ÌºÍ–Ì¹Ì¯Í“TÌ±Ì¤ÍÌ¥Í‡ÍˆhÍÌ²eÍÍ“Ì¼Ì—Ì™Ì¼Ì£Í” Í‡ÌœÌ±Ì Í“ÍÍ…NÍ Í•eÌ—Ì±zÌ˜ÌÌœÌºÍ™pÌ¤ÌºÌ¹ÍÌ¯ÍšeÍœÌ Ì»Ì rÌ¨Ì¤ÍÌºÌ–Í”Ì–Ì–dÍŸÌ ÌŸÌ­Ì¬ÌiÌ¦Í–Ì©Í“Í”Ì¤aÌ Ì—Ì¬Í‰Ì™nÍœÍš Ì»ÌÌ°ÍšÍ…hÌµÍ‰iÌ³ÌvÌ¢Í‡eÍŸÌ­Í-Ò‰Ì­Ì©Ì¼Í”mÌ¤Ì­Ì«iÍ•Í‡ÌÌ¦nÌ—Í™dÌ£ÌŸ ÍÌ¯Ì²Í•oÌ¨ÌŸÌ¯Ì°Ì²Í™Ì»Ìf Í˜ÌªÌ°Ì°Ì—Ì–Ì­Ì˜cÌ¦ÍÌ²ÌÍÌ©Ì™hÌ£ÍšaÍœÌ®ÍÌŸÌ™oÌ›Ì©Ì¹ÍsÌ¤.ÌÌ Ò‰ZÌ¡Ì–ÌœÍ–Ì°Ì£Í‰ÌœaÍ¡Í–Ì°Í™Ì¬lÌ²Ì«Ì³ÍÌ©gÌ¡ÌŸÌ¼Ì±ÍšÌÌ¬Í…oÍœÌ—.ÌŸ,https://shop-pro.jp,57,0.8,9
94,Eayo,â°â´âµ,https://house.gov,8,2.6,3
95,Meedoo,Î©â‰ˆÃ§âˆšâˆ«ËœÂµâ‰¤â‰¥Ã·,http://twitpic.com,17,3.6,1
96,Eayo,Å“âˆ‘Â´Â®â€ Â¥Â¨Ë†Ã¸Ï€â€œâ€˜,https://reference.com,65,4.9,4
97,Twinder,ğŸ‘¾ ğŸ™‡ ğŸ’ ğŸ™… ğŸ™† ğŸ™‹ ğŸ™ ğŸ™ ,https://themeforest.net,68,2.2,6
98,Flashpoint,`â„â‚¬â€¹â€ºï¬ï¬‚â€¡Â°Â·â€šâ€”Â±,http://auda.org.au,100,4.3,6
99,Feedfire,() { _; } >_[$($())] { touch /tmp/blns.shellshock2.fail; },https://stanford.edu,90,2.6,1
100,Layo,1E2,https://vkontakte.ru,46,0.6,1
101,Brainlounge,â°â´âµâ‚€â‚â‚‚,http://youku.com,17,2.3,8
102,Brainbox,1.00,https://psu.edu,20,0.5,2
103,Oodoo,ğ œğ œ±ğ ¹ğ ±“ğ ±¸ğ ²–ğ ³,https://wiley.com,79,1.3,5
104,Tekfly,"Ø«Ù… Ù†ÙØ³ Ø³Ù‚Ø·Øª ÙˆØ¨Ø§Ù„ØªØ­Ø¯ÙŠØ¯ØŒ, Ø¬Ø²ÙŠØ±ØªÙŠ Ø¨Ø§Ø³ØªØ®Ø¯Ø§Ù… Ø£Ù† Ø¯Ù†Ùˆ. Ø¥Ø° Ù‡Ù†Ø§ØŸ Ø§Ù„Ø³ØªØ§Ø± ÙˆØªÙ†ØµÙŠØ¨ ÙƒØ§Ù†. Ø£Ù‡Ù‘Ù„ Ø§ÙŠØ·Ø§Ù„ÙŠØ§ØŒ Ø¨Ø±ÙŠØ·Ø§Ù†ÙŠØ§-ÙØ±Ù†Ø³Ø§ Ù‚Ø¯ Ø£Ø®Ø°. Ø³Ù„ÙŠÙ…Ø§Ù†ØŒ Ø¥ØªÙØ§Ù‚ÙŠØ© Ø¨ÙŠÙ† Ù…Ø§, ÙŠØ°ÙƒØ± Ø§Ù„Ø­Ø¯ÙˆØ¯ Ø£ÙŠ Ø¨Ø¹Ø¯, Ù…Ø¹Ø§Ù…Ù„Ø© Ø¨ÙˆÙ„Ù†Ø¯Ø§ØŒ Ø§Ù„Ø¥Ø·Ù„Ø§Ù‚ Ø¹Ù„ Ø¥ÙŠÙˆ.",http://discuz.net,57,2.5,10
105,Realblab,â€ªâ€ªtestâ€ª,http://theatlantic.com,31,3.6,5
106,Kwinu,ì‚¬íšŒê³¼í•™ì› ì–´í•™ì—°êµ¬ì†Œ,http://nytimes.com,80,4.5,2
107,Voolith,1E+02,https://yellowpages.com,95,2.6,9
108,Realbridge,TÌ•Ì­ÌºÌºoÍ Ì·iÌ²Ì¬Í‡ÌªÍ™nÌÌ—Í•vÍŸÌŸÌœÌ˜Ì¦oÌ¶Ì™Ì°Ì keÍ€ÍšÌ®ÌºÌªÌ¹Ì±Ì¤ Ì–tÍÌÍ•Ì³Ì£Ì»ÌªhÌ¼Í“Ì²Ì¦Ì³Ì˜Ì²eÍ‡Ì£Ì°Ì¦Ì¬Í Ì¢Ì¼Ì»Ì±Ì˜hÍ…ÍšÍÍ™ÌœÌ£Ì²iÌ¦Ì²Ì£Ì°Ì¤vÌ»ÍeÌºÌ­Ì³ÌªÌ°-mÌ¢iÍ…nÌ–ÌºÌÌ²Ì¯Ì°dÌµÌ¼ÌŸÍ™Ì©Ì¼Ì˜Ì³ ÌÌ¥Ì±Ì³Ì­rÌ›Ì—Ì˜eÍ™pÍ rÌ¼ÌÌ»Ì­Ì—eÍŸÌºÌ Ì£sÌ˜Í‡Ì³ÍÌÍ‰eÍœÍ‰Ì¥Ì¯ÌÌ²ÍšÌ¬nÍ€Ì¬ÍÍÌŸÌ–Í‡Ì¤tÍ˜ÍÌ¬Í…Ì¤Í“Ì¼Ì­iÌªÌ±nÍ gÌ´Í‰ ÍÍ‰Í…cÌ¬ÌŸhÍ¡aÍ˜Ì«Ì»Ì¯oÌ«ÌŸÌ–ÍÌ™ÌÍ‰sÌ—Ì¦Ì².Ì¨Ì¹ÍˆÌ£,http://hostgator.com,77,2.7,4
109,Topdrive,â¤ï¸ ğŸ’” ğŸ’Œ ğŸ’• ğŸ’ ğŸ’“ ğŸ’— ğŸ’– ğŸ’˜ ğŸ’ ğŸ’Ÿ ğŸ’œ ğŸ’› ğŸ’š ğŸ’™,https://psu.edu,49,4.3,8
110,Skivee,-1,https://cnn.com,37,5.0,10
111,Feedmix,ãƒ‘ãƒ¼ãƒ†ã‚£ãƒ¼ã¸è¡Œã‹ãªã„ã‹,https://privacy.gov.au,66,2.6,7
112,Divavu,1;DROP TABLE users,https://chronoengine.com,33,2.6,3
113,Skynoodle,-$1.00,https://imdb.com,31,4.2,7
114,Realpoint,Ì¦HÍÌ¬Ì¤Ì—Ì¤eÍœ ÍÌœÌ¥ÌÌ»ÍÌŸwÌ•hÌ–Ì¯Í“oÌÍ™Ì–ÍÌ±Ì® Ò‰ÌºÌ™ÌÌŸÍˆWÌ·Ì¼Ì­aÌºÌªÍiÌ¨ÍˆÍ•Ì­Í™Ì¯ÌœtÌ¶Ì¼Ì®sÌ•Ì˜Í™Í– Ì Ì«Ì BÌ»ÍÍ…Í™Í‰Ì³eÌµhÌµÌ¬Í‡Ì«Í™iÌ•Ì¹Í“Ì³Ì³Ì®ÍÌ«nÍŸdÌ´ÌªÌœÌ– ÍÌ°Í‰Ì©Í…Í‡Í™Ì²TÍ¢Í–Ì¼Í“ÌªhÍÍ“Ì®Ì»eÌ¬ÌÍ…ÌŸ Ì¤Ì¹ÌWÍÍ…Í™ÌÌÍ”Í‡aÍÍ“Í”Ì¹Ì¼Ì£lÌ´Í”Ì°Ì¤ÌŸÍ”lÌ­Ì«.Í•,http://pinterest.com,18,2.6,2
115,Wikizz,ãƒ»(ï¿£âˆ€ï¿£)ãƒ»:*:,https://google.cn,32,4.3,10
116,Mybuzz,Ì¡Í“Í…ÌIÍÌ—Ì˜Ì¦nÍ‡Í‡Í™vÌ®Ì«okÌ²Ì«Ì™ÍˆiÌ–Í™Ì­Ì¹Ì ÌnÌ¡Ì»Ì®Ì£ÌºgÌ²ÍˆÍ™Ì­Í™Ì¬Í Ì°tÍ”Ì¦hÌÌ²eÌ¢Ì¤ ÍÌ¬Ì²Í–fÌ´Ì˜Í•Ì£eÍ€Í–eÌ£Ì¥Ì©lÍ–Í”ÍšiÍ Í“ÍšÌ¦nÍ–ÍÌ—Í“Ì³Ì®gÍ Ì¨oÍ¡ÍšÌªfÌ˜Ì£Ì¬ Ì–Ì˜Í–ÌŸÍ™Ì®cÒ‰Í”Ì«Í–Í“Í‡Í–Í…hÌµÌ¤Ì£ÍšÍ”aÍÌ—Ì¼Í…Í•oÌ¼Ì£Ì¥sÍ¢Ì±ÍˆÌºÌ–Ì¦Ì».Ì›Ì–ÌÌ Ì«Ì°,http://pen.io,17,4.2,2
117,Centidel,â¢,https://biglobe.ne.jp,17,1.1,6
118,Tekfly,Î©â‰ˆÃ§âˆšâˆ«ËœÂµâ‰¤â‰¥Ã·,https://dagondesign.com,87,4.2,10
119,Yoveo,"×‘Ö¼Ö°×¨Öµ××©×Ö´×™×ª, ×‘Ö¼Ö¸×¨Ö¸× ×Ö±×œÖ¹×”Ö´×™×, ×Öµ×ª ×”Ö·×©Ö¼×Ö¸×Ö·×™Ö´×, ×•Ö°×Öµ×ª ×”Ö¸×Ö¸×¨Ö¶×¥",http://answers.com,34,2.5,10
120,Voolia,nil,http://rediff.com,78,3.2,2
121,Yadel,ãƒ»(ï¿£âˆ€ï¿£)ãƒ»:*:,http://over-blog.com,30,0.1,4
122,Minyx,Â¸Ë›Ã‡â—ŠÄ±ËœÃ‚Â¯Ë˜Â¿,http://omniture.com,100,0.6,4
123,Quinu,../../../../../../../../../../../etc/passwd%00,https://opera.com,33,1.3,1
124,Oyondu,"__ï¾›(,_,*)",http://apache.org,12,3.7,2
125,Voolith,0ï¸âƒ£ 1ï¸âƒ£ 2ï¸âƒ£ 3ï¸âƒ£ 4ï¸âƒ£ 5ï¸âƒ£ 6ï¸âƒ£ 7ï¸âƒ£ 8ï¸âƒ£ 9ï¸âƒ£ ğŸ”Ÿ,https://dedecms.com,43,2.4,5
126,Voonix,ï¼‘ï¼’ï¼“,https://hubpages.com,83,1.8,5
127,Trilith,â¡,http://woothemes.com,86,4.4,10
128,Kwinu,"'""'",http://army.mil,78,4.2,6
129,Skidoo,á ,https://alexa.com,62,2.7,5
130,Yotz,Å’â€Â´â€°Ë‡ÃÂ¨Ë†Ã˜âˆâ€â€™,http://umich.edu,73,1.7,1
131,Yotz,ï»¿,http://columbia.edu,27,3.1,2
132,Yambee,ZÌ®ÌÍ…Ì Í™Í”AÌ¥Ì—ÌÍˆÌ»Ì—LÌ£Í™ÍÌ¯Ì¹ÌÍ“GÌ»OÌ­Ì—Ì®,https://zdnet.com,10,1.1,6
133,Oyondu,<img src=x onerror=alert('hi') />,http://ycombinator.com,20,4.6,8
134,Omba,ğŸ‘¾ ğŸ™‡ ğŸ’ ğŸ™… ğŸ™† ğŸ™‹ ğŸ™ ğŸ™ ,https://issuu.com,27,2.6,3
135,Zoonder,/dev/null; touch /tmp/blns.fail ; echo,http://sakura.ne.jp,43,1.5,1
136,Kaymbo,00Ë™Æ–$-,https://rambler.ru,76,0.9,10
137,Fadeo,`â„â‚¬â€¹â€ºï¬ï¬‚â€¡Â°Â·â€šâ€”Â±,https://com.com,65,0.0,7
138,Skaboo,() { _; } >_[$($())] { touch /tmp/blns.shellshock2.fail; },https://cnet.com,58,3.9,3
139,Topiclounge,ğ œğ œ±ğ ¹ğ ±“ğ ±¸ğ ²–ğ ³,https://wp.com,80,1.9,10
140,Ozu,â€©testâ€©,https://jalbum.net,72,3.7,3
141,Linkbridge,,https://reference.com,55,1.5,7
142,Innotype,(ï¾‰à²¥ç›Šà²¥ï¼‰ï¾‰ï»¿ â”»â”â”»,https://wordpress.org,62,4.6,7
143,Fadeo,0ï¸âƒ£ 1ï¸âƒ£ 2ï¸âƒ£ 3ï¸âƒ£ 4ï¸âƒ£ 5ï¸âƒ£ 6ï¸âƒ£ 7ï¸âƒ£ 8ï¸âƒ£ 9ï¸âƒ£ ğŸ”Ÿ,http://salon.com,15,2.8,3
144,Mydeo,NULL,http://gnu.org,81,3.5,7
145,Yodel,ğ œğ œ±ğ ¹ğ ±“ğ ±¸ğ ²–ğ ³,https://chicagotribune.com,30,1.7,9
146,Blogtag,-$1.00,http://yale.edu,1,0.7,8
147,Photobug,999999999999999999999999999999999999999999999999999999999999999999999999999999999999999999999999,http://pinterest.com,61,4.2,6
148,Ooba,"""''''""'""",https://ycombinator.com,19,0.1,9
149,Wordpedia,../../../../../../../../../../../etc/passwd%00,https://mashable.com,10,2.2,2
150,Eire,ZÌ®ÌÍ…Ì Í™Í”AÌ¥Ì—ÌÍˆÌ»Ì—LÌ£Í™ÍÌ¯Ì¹ÌÍ“GÌ»OÌ­Ì—Ì®,https://tmall.com,73,2.1,3
151,Dynazzy,(ï½¡â—• âˆ€ â—•ï½¡),http://cnn.com,91,1.7,8
152,Kayveo,",./;'[]\-=",https://independent.co.uk,42,3.3,2
153,Chatterbridge,Å’â€Â´â€°Ë‡ÃÂ¨Ë†Ã˜âˆâ€â€™,https://elpais.com,0,0.1,4
154,Bluezoom,å’Œè£½æ¼¢èª,http://shareasale.com,94,2.0,6
155,Browsebug,éƒ¨è½æ ¼,http://ucla.edu,81,1.7,10
156,Mynte,Î©â‰ˆÃ§âˆšâˆ«ËœÂµâ‰¤â‰¥Ã·,http://wired.com,59,4.2,6
157,Blognation,$1.00,http://indiatimes.com,95,2.6,8
158,Divanoodle,-1/2,http://walmart.com,2,2.8,10
159,Divanoodle,å’Œè£½æ¼¢èª,https://last.fm,51,2.4,4
160,Nlounge,,http://sphinn.com,27,0.2,7
161,Skippad,"×‘Ö¼Ö°×¨Öµ××©×Ö´×™×ª, ×‘Ö¼Ö¸×¨Ö¸× ×Ö±×œÖ¹×”Ö´×™×, ×Öµ×ª ×”Ö·×©Ö¼×Ö¸×Ö·×™Ö´×, ×•Ö°×Öµ×ª ×”Ö¸×Ö¸×¨Ö¶×¥",https://cbsnews.com,59,0.8,10
162,Voonyx,-$1.00,https://woothemes.com,52,1.0,1
163,Twitterlist,$1.00,https://dell.com,79,4.5,9
164,Agimba,../../../../../../../../../../../etc/passwd%00,https://yandex.ru,43,4.5,7
165,Zoombox,ï»¿,http://tumblr.com,49,2.6,3
166,Tazz,<svg><script>0<1>alert('XSS')</script>,http://about.com,61,4.6,2
167,Meembee,"""""",http://cmu.edu,7,4.2,3
168,Blogpad,0.00,https://google.com.hk,80,0.8,1
169,Photobean,-1E02,https://nba.com,37,1.4,6
170,Skinte,ğŸ˜,http://discovery.com,21,3.4,10
171,Blogpad,â€ªâ€ªtestâ€ª,http://unblog.fr,1,0.2,7
172,Aibox,ãƒ»(ï¿£âˆ€ï¿£)ãƒ»:*:,https://ucla.edu,94,1.2,9
173,Npath,Â¡â„¢Â£Â¢âˆÂ§Â¶â€¢ÂªÂºâ€“â‰ ,http://indiegogo.com,11,0.4,3
174,Zoombox,ï½€ï½¨(Â´âˆ€ï½€âˆ©,https://imageshack.us,54,4.4,6
175,Brainbox,"""",https://uol.com.br,60,4.8,2
176,Tagpad,1/2,http://ftc.gov,42,1.7,8
177,Topicblab,NIL,http://psu.edu,62,0.6,8
178,Dynazzy,ğŸš¾ ğŸ†’ ğŸ†“ ğŸ†• ğŸ†– ğŸ†— ğŸ†™ ğŸ§,http://omniture.com,43,0.2,9
179,Twimbo,ğŸš¾ ğŸ†’ ğŸ†“ ğŸ†• ğŸ†– ğŸ†— ğŸ†™ ğŸ§,https://scientificamerican.com,75,4.5,2
180,Tagcat,Â¸Ë›Ã‡â—ŠÄ±ËœÃ‚Â¯Ë˜Â¿,https://imdb.com,36,2.0,6
181,Photospace,â¡,https://deliciousdays.com,12,2.4,10
182,Fatz,1E02,http://amazon.de,19,0.9,4
183,Aivee,"×‘Ö¼Ö°×¨Öµ××©×Ö´×™×ª, ×‘Ö¼Ö¸×¨Ö¸× ×Ö±×œÖ¹×”Ö´×™×, ×Öµ×ª ×”Ö·×©Ö¼×Ö¸×Ö·×™Ö´×, ×•Ö°×Öµ×ª ×”Ö¸×Ö¸×¨Ö¶×¥",https://sciencedirect.com,78,0.6,6
184,Blognation,å’Œè£½æ¼¢èª,https://weebly.com,74,4.4,7
185,Vinder,ã€€,http://bloglovin.com,25,0.1,5
186,Demivee,999999999999999999999999999999999999999999999999999999999999999999999999999999999999999999999999,https://comcast.net,66,0.5,4
187,Miboo,áš€,https://wiley.com,2,0.0,10
188,Quamba,ã€€,https://state.gov,66,1.6,3
189,Yombu,1E2,https://photobucket.com,71,1.8,6
190,Youfeed,-$1.00,https://mayoclinic.com,89,0.7,8
191,Rhyloo,å’Œè£½æ¼¢èª,https://t-online.de,99,0.7,6
192,Browsezoom,Å’â€Â´â€°Ë‡ÃÂ¨Ë†Ã˜âˆâ€â€™,https://goodreads.com,20,1.0,3
193,Youfeed,-1E2,http://netlog.com,40,2.4,7
194,Buzzshare,ğŸ‘¾ ğŸ™‡ ğŸ’ ğŸ™… ğŸ™† ğŸ™‹ ğŸ™ ğŸ™ ,http://geocities.jp,41,0.8,3
195,Brightbean,ğŸ‘©ğŸ½,https://nsw.gov.au,87,1.1,9
196,Edgeclub,<img src=x onerror=alert('hi') />,http://mashable.com,53,0.7,1
197,Tanoodle,<img src=x onerror=alert('hi') />,https://arstechnica.com,3,1.1,2
198,Jabberbean,nil,https://weather.com,27,2.0,4
199,Babbleset,-1,https://house.gov,92,1.7,3
200,Thoughtblab,â£,http://dropbox.com,49,4.5,3
201,Fliptune,TÌ•Ì­ÌºÌºoÍ Ì·iÌ²Ì¬Í‡ÌªÍ™nÌÌ—Í•vÍŸÌŸÌœÌ˜Ì¦oÌ¶Ì™Ì°Ì keÍ€ÍšÌ®ÌºÌªÌ¹Ì±Ì¤ Ì–tÍÌÍ•Ì³Ì£Ì»ÌªhÌ¼Í“Ì²Ì¦Ì³Ì˜Ì²eÍ‡Ì£Ì°Ì¦Ì¬Í Ì¢Ì¼Ì»Ì±Ì˜hÍ…ÍšÍÍ™ÌœÌ£Ì²iÌ¦Ì²Ì£Ì°Ì¤vÌ»ÍeÌºÌ­Ì³ÌªÌ°-mÌ¢iÍ…nÌ–ÌºÌÌ²Ì¯Ì°dÌµÌ¼ÌŸÍ™Ì©Ì¼Ì˜Ì³ ÌÌ¥Ì±Ì³Ì­rÌ›Ì—Ì˜eÍ™pÍ rÌ¼ÌÌ»Ì­Ì—eÍŸÌºÌ Ì£sÌ˜Í‡Ì³ÍÌÍ‰eÍœÍ‰Ì¥Ì¯ÌÌ²ÍšÌ¬nÍ€Ì¬ÍÍÌŸÌ–Í‡Ì¤tÍ˜ÍÌ¬Í…Ì¤Í“Ì¼Ì­iÌªÌ±nÍ gÌ´Í‰ ÍÍ‰Í…cÌ¬ÌŸhÍ¡aÍ˜Ì«Ì»Ì¯oÌ«ÌŸÌ–ÍÌ™ÌÍ‰sÌ—Ì¦Ì².Ì¨Ì¹ÍˆÌ£,https://freewebs.com,66,1.6,10
202,Photolist,Â¡â„¢Â£Â¢âˆÂ§Â¶â€¢ÂªÂºâ€“â‰ ,https://eepurl.com,5,2.5,10
203,Roombo,"'""'",https://rediff.com,20,3.6,8
204,Avamba,-1E02,http://indiegogo.com,65,4.5,8
205,Youspan,â°â´âµ,https://phoca.cz,59,4.2,2
206,Trupe,ï¾Ÿï½¥âœ¿ãƒ¾â•²(ï½¡â—•â€¿â—•ï½¡)â•±âœ¿ï½¥ï¾Ÿ,http://utexas.edu,67,0.1,7
207,Photolist,"""",https://moonfruit.com,76,3.2,8
208,Oloo,"""",https://tumblr.com,8,3.9,8
209,Dabtype,null,http://cbslocal.com,100,4.9,9
210,Kwideo,999999999999999999999999999999999999999999999999999999999999999999999999999999999999999999999999,http://skyrock.com,86,3.0,10
211,Yodoo,0.00,http://uiuc.edu,20,3.1,7
212,Oloo,áš€,https://devhub.com,47,4.1,4
213,Divavu,-1E02,http://nydailynews.com,89,4.8,10
214,Voonte,1/0,http://rakuten.co.jp,64,3.1,6
215,Eazzy,Å“âˆ‘Â´Â®â€ Â¥Â¨Ë†Ã¸Ï€â€œâ€˜,https://amazonaws.com,64,4.9,8
216,Dabshots,-1E+02,https://nps.gov,75,4.5,5
217,Oba,(ï½¡â—• âˆ€ â—•ï½¡),http://google.com,6,4.9,8
218,Eadel,',https://dell.com,22,3.4,6
219,Livetube,ğŸ˜,https://unesco.org,38,4.9,6
220,Rhyzio,ğŸ˜,https://vk.com,17,3.2,7
221,Jabbertype,"""''''""'""",http://webs.com,85,4.4,6
222,Jayo,999999999999999999999999999999999999999999999999999999999999999999999999999999999999999999999999,http://mit.edu,7,1.6,9
223,Quinu,á ,http://deliciousdays.com,27,1.6,2
224,Realfire,1,https://reddit.com,58,0.3,6
225,Quimm,â‚€â‚â‚‚,https://sakura.ne.jp,17,2.3,3
226,Abatz,() { 0; }; touch /tmp/blns.shellshock1.fail;,http://home.pl,54,1.8,4
227,Topicstorm,-$1.00,https://sakura.ne.jp,24,4.7,6
228,Skippad,â‚€â‚â‚‚,https://whitehouse.gov,94,3.2,1
229,Lajo,ZÌ®ÌÍ…Ì Í™Í”AÌ¥Ì—ÌÍˆÌ»Ì—LÌ£Í™ÍÌ¯Ì¹ÌÍ“GÌ»OÌ­Ì—Ì®,http://go.com,48,2.4,2
230,Gabtune,â‚€â‚â‚‚,http://intel.com,90,4.5,8
231,Roodel,ğŸ‘©ğŸ½,http://java.com,38,0.8,10
232,Roomm,Ã…ÃÃÃËÃ“Ã”ï£¿Ã’ÃšÃ†â˜ƒ,http://epa.gov,78,4.9,7
233,Tavu,`â„â‚¬â€¹â€ºï¬ï¬‚â€¡Â°Â·â€šâ€”Â±,http://npr.org,27,2.6,7
234,Edgeify,1E+02,http://discovery.com,60,4.5,3
235,Realfire,<img src=x onerror=alert('hi') />,https://simplemachines.org,19,2.5,9
236,Yoveo,null,https://livejournal.com,14,0.2,6
237,Oyonder,å’Œè£½æ¼¢èª,http://google.co.uk,69,1.2,6
238,Reallinks,Î©â‰ˆÃ§âˆšâˆ«ËœÂµâ‰¤â‰¥Ã·,https://dedecms.com,15,3.4,5
239,Oyondu,â€‹,http://epa.gov,80,1.0,6
240,Tazzy,"<>?:""{}|_+",http://t.co,10,2.7,8
241,Skalith,00Ë™Æ–$-,http://istockphoto.com,68,3.1,7
242,Browsebug,',http://nih.gov,66,2.0,2
243,Jabbercube,â¦testâ§,https://nbcnews.com,37,0.8,9
244,Zoozzy,`â„â‚¬â€¹â€ºï¬ï¬‚â€¡Â°Â·â€šâ€”Â±,https://tuttocitta.it,13,3.4,7
245,Fatz,â‚€â‚â‚‚,https://cargocollective.com,36,1.3,5
246,Zooveo,../../../../../../../../../../../etc/passwd%00,http://amazonaws.com,83,3.8,6
247,Brainverse,ğŸµ ğŸ™ˆ ğŸ™‰ ğŸ™Š,https://abc.net.au,56,4.3,9
248,Jetwire,â£,http://netlog.com,0,2.2,3
249,Youspan,ìš¸ë€ë°”í† ë¥´,http://netvibes.com,39,1.9,4
250,Photojam,âœ‹ğŸ¿ ğŸ’ªğŸ¿ ğŸ‘ğŸ¿ ğŸ™ŒğŸ¿ ğŸ‘ğŸ¿ ğŸ™ğŸ¿,http://va.gov,13,2.7,10
251,Edgetag,(ï¾‰à²¥ç›Šà²¥ï¼‰ï¾‰ï»¿ â”»â”â”»,http://cnn.com,91,0.3,5
252,Zoomzone,ğŸ˜,http://tinyurl.com,29,1.1,9
253,Leexo,../../../../../../../../../../../etc/hosts,http://vkontakte.ru,65,2.0,5
254,Kazu,ç”°ä¸­ã•ã‚“ã«ã‚ã’ã¦ä¸‹ã•ã„,http://ocn.ne.jp,25,2.1,8
255,Browsebug,"""""",https://uol.com.br,95,4.5,3
256,Wordware,TÌ•Ì­ÌºÌºoÍ Ì·iÌ²Ì¬Í‡ÌªÍ™nÌÌ—Í•vÍŸÌŸÌœÌ˜Ì¦oÌ¶Ì™Ì°Ì keÍ€ÍšÌ®ÌºÌªÌ¹Ì±Ì¤ Ì–tÍÌÍ•Ì³Ì£Ì»ÌªhÌ¼Í“Ì²Ì¦Ì³Ì˜Ì²eÍ‡Ì£Ì°Ì¦Ì¬Í Ì¢Ì¼Ì»Ì±Ì˜hÍ…ÍšÍÍ™ÌœÌ£Ì²iÌ¦Ì²Ì£Ì°Ì¤vÌ»ÍeÌºÌ­Ì³ÌªÌ°-mÌ¢iÍ…nÌ–ÌºÌÌ²Ì¯Ì°dÌµÌ¼ÌŸÍ™Ì©Ì¼Ì˜Ì³ ÌÌ¥Ì±Ì³Ì­rÌ›Ì—Ì˜eÍ™pÍ rÌ¼ÌÌ»Ì­Ì—eÍŸÌºÌ Ì£sÌ˜Í‡Ì³ÍÌÍ‰eÍœÍ‰Ì¥Ì¯ÌÌ²ÍšÌ¬nÍ€Ì¬ÍÍÌŸÌ–Í‡Ì¤tÍ˜ÍÌ¬Í…Ì¤Í“Ì¼Ì­iÌªÌ±nÍ gÌ´Í‰ ÍÍ‰Í…cÌ¬ÌŸhÍ¡aÍ˜Ì«Ì»Ì¯oÌ«ÌŸÌ–ÍÌ™ÌÍ‰sÌ—Ì¦Ì².Ì¨Ì¹ÍˆÌ£,http://tmall.com,52,0.1,2
257,Trudeo,"""''''""'""",http://desdev.cn,3,2.7,2
258,Thoughtstorm,999999999999999999999999999999999999999999999999999999999999999999999999999999999999999999999999,http://w3.org,69,3.4,10
259,Aivee,TÌ•Ì­ÌºÌºoÍ Ì·iÌ²Ì¬Í‡ÌªÍ™nÌÌ—Í•vÍŸÌŸÌœÌ˜Ì¦oÌ¶Ì™Ì°Ì keÍ€ÍšÌ®ÌºÌªÌ¹Ì±Ì¤ Ì–tÍÌÍ•Ì³Ì£Ì»ÌªhÌ¼Í“Ì²Ì¦Ì³Ì˜Ì²eÍ‡Ì£Ì°Ì¦Ì¬Í Ì¢Ì¼Ì»Ì±Ì˜hÍ…ÍšÍÍ™ÌœÌ£Ì²iÌ¦Ì²Ì£Ì°Ì¤vÌ»ÍeÌºÌ­Ì³ÌªÌ°-mÌ¢iÍ…nÌ–ÌºÌÌ²Ì¯Ì°dÌµÌ¼ÌŸÍ™Ì©Ì¼Ì˜Ì³ ÌÌ¥Ì±Ì³Ì­rÌ›Ì—Ì˜eÍ™pÍ rÌ¼ÌÌ»Ì­Ì—eÍŸÌºÌ Ì£sÌ˜Í‡Ì³ÍÌÍ‰eÍœÍ‰Ì¥Ì¯ÌÌ²ÍšÌ¬nÍ€Ì¬ÍÍÌŸÌ–Í‡Ì¤tÍ˜ÍÌ¬Í…Ì¤Í“Ì¼Ì­iÌªÌ±nÍ gÌ´Í‰ ÍÍ‰Í…cÌ¬ÌŸhÍ¡aÍ˜Ì«Ì»Ì¯oÌ«ÌŸÌ–ÍÌ™ÌÍ‰sÌ—Ì¦Ì².Ì¨Ì¹ÍˆÌ£,http://dailymotion.com,58,3.3,3
260,Mynte,ğŸµ ğŸ™ˆ ğŸ™‰ ğŸ™Š,https://biglobe.ne.jp,52,0.2,3
261,Fliptune,â¤ï¸ ğŸ’” ğŸ’Œ ğŸ’• ğŸ’ ğŸ’“ ğŸ’— ğŸ’– ğŸ’˜ ğŸ’ ğŸ’Ÿ ğŸ’œ ğŸ’› ğŸ’š ğŸ’™,http://ca.gov,61,4.3,7
262,Voonte,Ã…ÃÃÃËÃ“Ã”ï£¿Ã’ÃšÃ†â˜ƒ,https://ox.ac.uk,95,0.3,2
263,Feedfire,â€«testâ€«,https://topsy.com,30,2.9,8
264,Zoomcast,â¦testâ§,https://desdev.cn,94,4.1,9
265,Quatz,ğŸ‘¾ ğŸ™‡ ğŸ’ ğŸ™… ğŸ™† ğŸ™‹ ğŸ™ ğŸ™ ,http://pagesperso-orange.fr,87,0.6,1
266,Eadel,../../../../../../../../../../../etc/hosts,http://europa.eu,6,0.2,2
267,Wordtune,-1.00,http://scribd.com,10,2.1,3
268,Twitterbridge,"'""'",https://china.com.cn,40,1.2,6
269,Bubblebox,"""",https://seesaa.net,1,2.9,3
270,Ntags,â€‹,https://deliciousdays.com,89,1.6,1
271,Flashset,"""""",https://tuttocitta.it,55,3.9,1
272,Tanoodle,<img src=x onerror=alert('hi') />,http://blinklist.com,22,1.4,7
273,Twitterworks,"""'""'""''''""",https://yahoo.co.jp,82,1.4,1
274,Kayveo,ï½€ï½¨(Â´âˆ€ï½€âˆ©,https://sakura.ne.jp,95,1.8,10
275,Yabox,0ï¸âƒ£ 1ï¸âƒ£ 2ï¸âƒ£ 3ï¸âƒ£ 4ï¸âƒ£ 5ï¸âƒ£ 6ï¸âƒ£ 7ï¸âƒ£ 8ï¸âƒ£ 9ï¸âƒ£ ğŸ”Ÿ,https://sina.com.cn,22,0.5,7
276,Jayo,ãƒ»(ï¿£âˆ€ï¿£)ãƒ»:*:,http://umich.edu,55,3.9,8
277,Topiczoom,<script>alert('hi')</script>,https://moonfruit.com,38,3.4,10
278,Zoovu,`â„â‚¬â€¹â€ºï¬ï¬‚â€¡Â°Â·â€šâ€”Â±,https://wikispaces.com,10,2.9,8
279,Meejo,ï»¿,https://nih.gov,67,4.0,1
280,Kwideo,nil,https://rambler.ru,89,3.4,6
281,Mymm,Ù¡Ù¢Ù£,https://youku.com,77,0.8,2
282,Babbleopia,"<>?:""{}|_+",https://reddit.com,97,3.9,9
283,Brainlounge,ãƒ»(ï¿£âˆ€ï¿£)ãƒ»:*:,http://yandex.ru,59,0.3,1
284,Ainyx,1E02,https://jalbum.net,91,0.5,2
285,Kwideo,testâ testâ€«,https://a8.net,24,0.6,3
286,Cogilith,ìš¸ë€ë°”í† ë¥´,http://vimeo.com,100,0.9,9
287,Skinte,×”Ö¸×™Ö°×ªÖ¸×”testØ§Ù„ØµÙØ­Ø§Øª Ø§Ù„ØªÙ‘Ø­ÙˆÙ„,https://arizona.edu,54,3.4,4
288,Thoughtblab,1.00,https://geocities.jp,69,2.6,9
289,Fivespan,() { _; } >_[$($())] { touch /tmp/blns.shellshock2.fail; },https://who.int,52,1.2,10
290,Tagcat,Â¸Ë›Ã‡â—ŠÄ±ËœÃ‚Â¯Ë˜Â¿,http://unesco.org,60,1.1,9
291,Photobug,Î©â‰ˆÃ§âˆšâˆ«ËœÂµâ‰¤â‰¥Ã·,https://aboutads.info,1,1.4,8
292,Thoughtworks,testâ testâ€«,https://sourceforge.net,60,1.0,2
293,Dynava,ğ œğ œ±ğ ¹ğ ±“ğ ±¸ğ ²–ğ ³,https://pagesperso-orange.fr,98,3.3,6
294,Meevee,â€©testâ€©,http://xrea.com,88,2.4,8
295,Feedfish,"×‘Ö¼Ö°×¨Öµ××©×Ö´×™×ª, ×‘Ö¼Ö¸×¨Ö¸× ×Ö±×œÖ¹×”Ö´×™×, ×Öµ×ª ×”Ö·×©Ö¼×Ö¸×Ö·×™Ö´×, ×•Ö°×Öµ×ª ×”Ö¸×Ö¸×¨Ö¶×¥",https://usda.gov,0,4.6,8
296,Eidel,NULL,https://delicious.com,80,2.2,3
297,Eabox,ğŸ‘¾ ğŸ™‡ ğŸ’ ğŸ™… ğŸ™† ğŸ™‹ ğŸ™ ğŸ™ ,https://ox.ac.uk,16,1.1,2
298,Oloo,"'""'",http://example.com,92,2.5,9
299,Zava,"Ø«Ù… Ù†ÙØ³ Ø³Ù‚Ø·Øª ÙˆØ¨Ø§Ù„ØªØ­Ø¯ÙŠØ¯ØŒ, Ø¬Ø²ÙŠØ±ØªÙŠ Ø¨Ø§Ø³ØªØ®Ø¯Ø§Ù… Ø£Ù† Ø¯Ù†Ùˆ. Ø¥Ø° Ù‡Ù†Ø§ØŸ Ø§Ù„Ø³ØªØ§Ø± ÙˆØªÙ†ØµÙŠØ¨ ÙƒØ§Ù†. Ø£Ù‡Ù‘Ù„ Ø§ÙŠØ·Ø§Ù„ÙŠØ§ØŒ Ø¨Ø±ÙŠØ·Ø§Ù†ÙŠØ§-ÙØ±Ù†Ø³Ø§ Ù‚Ø¯ Ø£Ø®Ø°. Ø³Ù„ÙŠÙ…Ø§Ù†ØŒ Ø¥ØªÙØ§Ù‚ÙŠØ© Ø¨ÙŠÙ† Ù…Ø§, ÙŠØ°ÙƒØ± Ø§Ù„Ø­Ø¯ÙˆØ¯ Ø£ÙŠ Ø¨Ø¹Ø¯, Ù…Ø¹Ø§Ù…Ù„Ø© Ø¨ÙˆÙ„Ù†Ø¯Ø§ØŒ Ø§Ù„Ø¥Ø·Ù„Ø§Ù‚ Ø¹Ù„ Ø¥ÙŠÙˆ.",https://admin.ch,8,2.0,3
300,Skyndu,-1.00,http://wikimedia.org,7,2.9,3
301,Yombu,Ë™Énbá´‰lÉ ÉuÆƒÉÉ¯ ÇÉ¹olop Ê‡Ç ÇÉ¹oqÉl Ê‡n Ê‡unpá´‰pá´‰É”uá´‰ É¹odÉ¯ÇÊ‡ poÉ¯sná´‰Ç op pÇs 'Ê‡á´‰lÇ Æƒuá´‰É”sá´‰dá´‰pÉ É¹nÊ‡ÇÊ‡É”ÇsuoÉ” 'Ê‡ÇÉ¯É Ê‡á´‰s É¹olop É¯nsdá´‰ É¯ÇÉ¹oË¥,https://hibu.com,72,0.6,1
302,Trilith,â°â´âµ,https://china.com.cn,12,3.0,3
303,Lazzy,ğŸ‘©ğŸ½,http://vk.com,33,4.2,7
304,Snaptags,1E2,http://who.int,33,4.5,8
305,Trudoo,âœ‹ğŸ¿ ğŸ’ªğŸ¿ ğŸ‘ğŸ¿ ğŸ™ŒğŸ¿ ğŸ‘ğŸ¿ ğŸ™ğŸ¿,http://stanford.edu,23,2.7,7
306,Trudeo,×”Ö¸×™Ö°×ªÖ¸×”testØ§Ù„ØµÙØ­Ø§Øª Ø§Ù„ØªÙ‘Ø­ÙˆÙ„,http://nba.com,13,1.9,10
307,Voomm,á ,https://harvard.edu,53,4.3,10
308,Wordtune,ãƒ»(ï¿£âˆ€ï¿£)ãƒ»:*:,https://paginegialle.it,100,3.5,3
309,Dynava,1E2,https://nps.gov,43,1.1,9
310,Roombo,Ì¦HÍÌ¬Ì¤Ì—Ì¤eÍœ ÍÌœÌ¥ÌÌ»ÍÌŸwÌ•hÌ–Ì¯Í“oÌÍ™Ì–ÍÌ±Ì® Ò‰ÌºÌ™ÌÌŸÍˆWÌ·Ì¼Ì­aÌºÌªÍiÌ¨ÍˆÍ•Ì­Í™Ì¯ÌœtÌ¶Ì¼Ì®sÌ•Ì˜Í™Í– Ì Ì«Ì BÌ»ÍÍ…Í™Í‰Ì³eÌµhÌµÌ¬Í‡Ì«Í™iÌ•Ì¹Í“Ì³Ì³Ì®ÍÌ«nÍŸdÌ´ÌªÌœÌ– ÍÌ°Í‰Ì©Í…Í‡Í™Ì²TÍ¢Í–Ì¼Í“ÌªhÍÍ“Ì®Ì»eÌ¬ÌÍ…ÌŸ Ì¤Ì¹ÌWÍÍ…Í™ÌÌÍ”Í‡aÍÍ“Í”Ì¹Ì¼Ì£lÌ´Í”Ì°Ì¤ÌŸÍ”lÌ­Ì«.Í•,https://newsvine.com,21,3.0,9
311,Teklist,ğŸš¾ ğŸ†’ ğŸ†“ ğŸ†• ğŸ†– ğŸ†— ğŸ†™ ğŸ§,http://illinois.edu,55,4.3,1
312,Lajo,Ã…ÃÃÃËÃ“Ã”ï£¿Ã’ÃšÃ†â˜ƒ,https://cnet.com,99,2.5,4
313,Meejo,â¡,https://ebay.com,40,0.8,9
314,Edgeblab,-1E02,http://army.mil,50,1.2,4
315,Yombu,Ì—ÌºÍ–Ì¹Ì¯Í“TÌ±Ì¤ÍÌ¥Í‡ÍˆhÍÌ²eÍÍ“Ì¼Ì—Ì™Ì¼Ì£Í” Í‡ÌœÌ±Ì Í“ÍÍ…NÍ Í•eÌ—Ì±zÌ˜ÌÌœÌºÍ™pÌ¤ÌºÌ¹ÍÌ¯ÍšeÍœÌ Ì»Ì rÌ¨Ì¤ÍÌºÌ–Í”Ì–Ì–dÍŸÌ ÌŸÌ­Ì¬ÌiÌ¦Í–Ì©Í“Í”Ì¤aÌ Ì—Ì¬Í‰Ì™nÍœÍš Ì»ÌÌ°ÍšÍ…hÌµÍ‰iÌ³ÌvÌ¢Í‡eÍŸÌ­Í-Ò‰Ì­Ì©Ì¼Í”mÌ¤Ì­Ì«iÍ•Í‡ÌÌ¦nÌ—Í™dÌ£ÌŸ ÍÌ¯Ì²Í•oÌ¨ÌŸÌ¯Ì°Ì²Í™Ì»Ìf Í˜ÌªÌ°Ì°Ì—Ì–Ì­Ì˜cÌ¦ÍÌ²ÌÍÌ©Ì™hÌ£ÍšaÍœÌ®ÍÌŸÌ™oÌ›Ì©Ì¹ÍsÌ¤.ÌÌ Ò‰ZÌ¡Ì–ÌœÍ–Ì°Ì£Í‰ÌœaÍ¡Í–Ì°Í™Ì¬lÌ²Ì«Ì³ÍÌ©gÌ¡ÌŸÌ¼Ì±ÍšÌÌ¬Í…oÍœÌ—.ÌŸ,http://google.com,69,4.0,9
316,Realmix,âœ‹ğŸ¿ ğŸ’ªğŸ¿ ğŸ‘ğŸ¿ ğŸ™ŒğŸ¿ ğŸ‘ğŸ¿ ğŸ™ğŸ¿,https://wix.com,18,4.2,9
317,Buzzster,",ã€‚ãƒ»:*:ãƒ»ã‚œâ€™( â˜» Ï‰ â˜» )ã€‚ãƒ»:*:ãƒ»ã‚œâ€™",http://mail.ru,80,2.8,4
318,Buzzbean,-1E2,https://businessinsider.com,46,3.4,2
319,Leexo,-1.00,http://tiny.cc,32,1.0,6
320,Skippad,â€ªâ€ªtestâ€ª,http://ezinearticles.com,84,0.6,4
321,Podcat,-1.00,https://hostgator.com,6,0.3,3
322,Yamia,$1.00,http://reference.com,37,1.1,4
323,Ozu,â£,https://ca.gov,50,1.5,9
324,Voolia,âœ‹ğŸ¿ ğŸ’ªğŸ¿ ğŸ‘ğŸ¿ ğŸ™ŒğŸ¿ ğŸ‘ğŸ¿ ğŸ™ğŸ¿,https://time.com,85,4.0,1
325,Babbleblab,-1E+02,http://parallels.com,82,0.3,9
326,Divape,<img src=x onerror=alert('hi') />,https://cbsnews.com,20,0.4,2
327,Feedspan,Ù¡Ù¢Ù£,http://sciencedirect.com,82,2.8,5
328,Jaxnation,<svg><script>0<1>alert('XSS')</script>,https://over-blog.com,1,0.6,1
329,Gabspot,00Ë™Æ–$-,http://yolasite.com,44,4.7,1
330,Oyonder,Ì¡Í“Í…ÌIÍÌ—Ì˜Ì¦nÍ‡Í‡Í™vÌ®Ì«okÌ²Ì«Ì™ÍˆiÌ–Í™Ì­Ì¹Ì ÌnÌ¡Ì»Ì®Ì£ÌºgÌ²ÍˆÍ™Ì­Í™Ì¬Í Ì°tÍ”Ì¦hÌÌ²eÌ¢Ì¤ ÍÌ¬Ì²Í–fÌ´Ì˜Í•Ì£eÍ€Í–eÌ£Ì¥Ì©lÍ–Í”ÍšiÍ Í“ÍšÌ¦nÍ–ÍÌ—Í“Ì³Ì®gÍ Ì¨oÍ¡ÍšÌªfÌ˜Ì£Ì¬ Ì–Ì˜Í–ÌŸÍ™Ì®cÒ‰Í”Ì«Í–Í“Í‡Í–Í…hÌµÌ¤Ì£ÍšÍ”aÍÌ—Ì¼Í…Í•oÌ¼Ì£Ì¥sÍ¢Ì±ÍˆÌºÌ–Ì¦Ì».Ì›Ì–ÌÌ Ì«Ì°,https://histats.com,41,2.7,9
331,Quimba,,http://washington.edu,64,0.7,8
332,Lazzy,() { 0; }; touch /tmp/blns.shellshock1.fail;,http://so-net.ne.jp,64,0.1,6
333,Mita,"<>?:""{}|_+",https://ycombinator.com,64,1.8,2
334,Livepath,",ã€‚ãƒ»:*:ãƒ»ã‚œâ€™( â˜» Ï‰ â˜» )ã€‚ãƒ»:*:ãƒ»ã‚œâ€™",http://answers.com,33,1.6,3
335,Photobug,NIL,http://state.tx.us,42,4.0,3
336,Agivu,ğ œğ œ±ğ ¹ğ ±“ğ ±¸ğ ²–ğ ³,http://si.edu,0,2.2,6
337,Edgeclub,Å’â€Â´â€°Ë‡ÃÂ¨Ë†Ã˜âˆâ€â€™,https://geocities.jp,53,3.7,9
338,Blogtags,Ì¡Í“Í…ÌIÍÌ—Ì˜Ì¦nÍ‡Í‡Í™vÌ®Ì«okÌ²Ì«Ì™ÍˆiÌ–Í™Ì­Ì¹Ì ÌnÌ¡Ì»Ì®Ì£ÌºgÌ²ÍˆÍ™Ì­Í™Ì¬Í Ì°tÍ”Ì¦hÌÌ²eÌ¢Ì¤ ÍÌ¬Ì²Í–fÌ´Ì˜Í•Ì£eÍ€Í–eÌ£Ì¥Ì©lÍ–Í”ÍšiÍ Í“ÍšÌ¦nÍ–ÍÌ—Í“Ì³Ì®gÍ Ì¨oÍ¡ÍšÌªfÌ˜Ì£Ì¬ Ì–Ì˜Í–ÌŸÍ™Ì®cÒ‰Í”Ì«Í–Í“Í‡Í–Í…hÌµÌ¤Ì£ÍšÍ”aÍÌ—Ì¼Í…Í•oÌ¼Ì£Ì¥sÍ¢Ì±ÍˆÌºÌ–Ì¦Ì».Ì›Ì–ÌÌ Ì«Ì°,http://ocn.ne.jp,52,1.0,3
339,Yombu,999999999999999999999999999999999999999999999999999999999999999999999999999999999999999999999999,http://jugem.jp,88,3.9,7
340,Wikido,ğŸ˜,https://de.vu,73,2.9,8
341,Tagopia,"""''''""'""",http://so-net.ne.jp,47,4.1,9
342,Muxo,testâ testâ€«,http://si.edu,45,0.1,6
343,Realbridge,Ì—ÌºÍ–Ì¹Ì¯Í“TÌ±Ì¤ÍÌ¥Í‡ÍˆhÍÌ²eÍÍ“Ì¼Ì—Ì™Ì¼Ì£Í” Í‡ÌœÌ±Ì Í“ÍÍ…NÍ Í•eÌ—Ì±zÌ˜ÌÌœÌºÍ™pÌ¤ÌºÌ¹ÍÌ¯ÍšeÍœÌ Ì»Ì rÌ¨Ì¤ÍÌºÌ–Í”Ì–Ì–dÍŸÌ ÌŸÌ­Ì¬ÌiÌ¦Í–Ì©Í“Í”Ì¤aÌ Ì—Ì¬Í‰Ì™nÍœÍš Ì»ÌÌ°ÍšÍ…hÌµÍ‰iÌ³ÌvÌ¢Í‡eÍŸÌ­Í-Ò‰Ì­Ì©Ì¼Í”mÌ¤Ì­Ì«iÍ•Í‡ÌÌ¦nÌ—Í™dÌ£ÌŸ ÍÌ¯Ì²Í•oÌ¨ÌŸÌ¯Ì°Ì²Í™Ì»Ìf Í˜ÌªÌ°Ì°Ì—Ì–Ì­Ì˜cÌ¦ÍÌ²ÌÍÌ©Ì™hÌ£ÍšaÍœÌ®ÍÌŸÌ™oÌ›Ì©Ì¹ÍsÌ¤.ÌÌ Ò‰ZÌ¡Ì–ÌœÍ–Ì°Ì£Í‰ÌœaÍ¡Í–Ì°Í™Ì¬lÌ²Ì«Ì³ÍÌ©gÌ¡ÌŸÌ¼Ì±ÍšÌÌ¬Í…oÍœÌ—.ÌŸ,https://umich.edu,23,3.4,8
344,Quire,1.00,http://google.cn,82,1.5,6
345,Vidoo,999999999999999999999999999999999999999999999999999999999999999999999999999999999999999999999999,https://tumblr.com,31,0.4,6
346,Eamia,Ã¥ÃŸâˆ‚Æ’Â©Ë™âˆ†ËšÂ¬â€¦Ã¦,https://clickbank.net,4,4.1,8
347,Feedspan,`â„â‚¬â€¹â€ºï¬ï¬‚â€¡Â°Â·â€šâ€”Â±,http://lulu.com,20,2.2,3
348,Twinder,â¦testâ§,https://state.gov,19,4.1,9
349,Zoozzy,"__ï¾›(,_,*)",http://over-blog.com,54,4.5,6
350,Linkbridge,ç¤¾æœƒç§‘å­¸é™¢èªå­¸ç ”ç©¶æ‰€,https://apache.org,25,1.0,2
351,Plambee,"<>?:""{}|_+",http://bigcartel.com,25,1.2,10
352,Yombu,null,https://wiley.com,7,0.5,4
353,Topdrive,/dev/null; touch /tmp/blns.fail ; echo,https://canalblog.com,9,0.6,3
354,Jayo,×”Ö¸×™Ö°×ªÖ¸×”testØ§Ù„ØµÙØ­Ø§Øª Ø§Ù„ØªÙ‘Ø­ÙˆÙ„,http://kickstarter.com,36,4.9,5
355,Zoovu,áš€,http://howstuffworks.com,88,2.4,4
356,Flashdog,ç¤¾æœƒç§‘å­¸é™¢èªå­¸ç ”ç©¶æ‰€,http://dot.gov,70,2.3,10
357,Avamba,999999999999999999999999999999999999999999999999999999999999999999999999999999999999999999999999,https://phpbb.com,63,3.4,6
358,Jaloo,ã€€,https://springer.com,44,3.3,10
359,Dabtype,'',https://pagesperso-orange.fr,98,2.5,7
360,Blogtags,ğŸ˜,https://a8.net,17,0.5,8
361,Trilia,1E+02,https://hhs.gov,12,4.0,3
362,Roombo,ğ œğ œ±ğ ¹ğ ±“ğ ±¸ğ ²–ğ ³,https://ezinearticles.com,28,3.7,8
363,Viva,0/0,https://technorati.com,100,4.3,8
364,Pixonyx,0.00,http://bloglines.com,50,3.9,2
365,Thoughtstorm,ğŸ‘¾ ğŸ™‡ ğŸ’ ğŸ™… ğŸ™† ğŸ™‹ ğŸ™ ğŸ™ ,http://4shared.com,51,3.3,4
366,Lajo,Ù¡Ù¢Ù£,https://dion.ne.jp,57,3.1,10
367,Camido,Ì—ÌºÍ–Ì¹Ì¯Í“TÌ±Ì¤ÍÌ¥Í‡ÍˆhÍÌ²eÍÍ“Ì¼Ì—Ì™Ì¼Ì£Í” Í‡ÌœÌ±Ì Í“ÍÍ…NÍ Í•eÌ—Ì±zÌ˜ÌÌœÌºÍ™pÌ¤ÌºÌ¹ÍÌ¯ÍšeÍœÌ Ì»Ì rÌ¨Ì¤ÍÌºÌ–Í”Ì–Ì–dÍŸÌ ÌŸÌ­Ì¬ÌiÌ¦Í–Ì©Í“Í”Ì¤aÌ Ì—Ì¬Í‰Ì™nÍœÍš Ì»ÌÌ°ÍšÍ…hÌµÍ‰iÌ³ÌvÌ¢Í‡eÍŸÌ­Í-Ò‰Ì­Ì©Ì¼Í”mÌ¤Ì­Ì«iÍ•Í‡ÌÌ¦nÌ—Í™dÌ£ÌŸ ÍÌ¯Ì²Í•oÌ¨ÌŸÌ¯Ì°Ì²Í™Ì»Ìf Í˜ÌªÌ°Ì°Ì—Ì–Ì­Ì˜cÌ¦ÍÌ²ÌÍÌ©Ì™hÌ£ÍšaÍœÌ®ÍÌŸÌ™oÌ›Ì©Ì¹ÍsÌ¤.ÌÌ Ò‰ZÌ¡Ì–ÌœÍ–Ì°Ì£Í‰ÌœaÍ¡Í–Ì°Í™Ì¬lÌ²Ì«Ì³ÍÌ©gÌ¡ÌŸÌ¼Ì±ÍšÌÌ¬Í…oÍœÌ—.ÌŸ,https://pbs.org,58,1.4,2
368,Avavee,ìš¸ë€ë°”í† ë¥´,https://themeforest.net,50,2.8,10
369,Katz,-1.00,https://fastcompany.com,32,4.1,1
370,Livetube,"'""'",https://economist.com,92,1.0,7
371,Thoughtmix,â€«testâ€«,http://nymag.com,13,3.5,2
372,Podcat,() { _; } >_[$($())] { touch /tmp/blns.shellshock2.fail; },http://miitbeian.gov.cn,18,4.7,1
373,Kwimbee,1/0,http://hud.gov,67,4.3,6
374,Skinte,ã€€,http://bloomberg.com,0,1.1,9
375,Realpoint,TÌ•Ì­ÌºÌºoÍ Ì·iÌ²Ì¬Í‡ÌªÍ™nÌÌ—Í•vÍŸÌŸÌœÌ˜Ì¦oÌ¶Ì™Ì°Ì keÍ€ÍšÌ®ÌºÌªÌ¹Ì±Ì¤ Ì–tÍÌÍ•Ì³Ì£Ì»ÌªhÌ¼Í“Ì²Ì¦Ì³Ì˜Ì²eÍ‡Ì£Ì°Ì¦Ì¬Í Ì¢Ì¼Ì»Ì±Ì˜hÍ…ÍšÍÍ™ÌœÌ£Ì²iÌ¦Ì²Ì£Ì°Ì¤vÌ»ÍeÌºÌ­Ì³ÌªÌ°-mÌ¢iÍ…nÌ–ÌºÌÌ²Ì¯Ì°dÌµÌ¼ÌŸÍ™Ì©Ì¼Ì˜Ì³ ÌÌ¥Ì±Ì³Ì­rÌ›Ì—Ì˜eÍ™pÍ rÌ¼ÌÌ»Ì­Ì—eÍŸÌºÌ Ì£sÌ˜Í‡Ì³ÍÌÍ‰eÍœÍ‰Ì¥Ì¯ÌÌ²ÍšÌ¬nÍ€Ì¬ÍÍÌŸÌ–Í‡Ì¤tÍ˜ÍÌ¬Í…Ì¤Í“Ì¼Ì­iÌªÌ±nÍ gÌ´Í‰ ÍÍ‰Í…cÌ¬ÌŸhÍ¡aÍ˜Ì«Ì»Ì¯oÌ«ÌŸÌ–ÍÌ™ÌÍ‰sÌ—Ì¦Ì².Ì¨Ì¹ÍˆÌ£,https://shinystat.com,31,1.2,2
376,Yamia,Â¸Ë›Ã‡â—ŠÄ±ËœÃ‚Â¯Ë˜Â¿,https://cbsnews.com,96,1.3,3
377,Devbug,"""'""'""''''""",https://noaa.gov,88,4.2,8
378,Jaxspan,00Ë™Æ–$-,http://mysql.com,64,3.8,7
379,Skyble,ï¼‘ï¼’ï¼“,http://go.com,43,0.3,8
380,Jaxnation,TÌ•Ì­ÌºÌºoÍ Ì·iÌ²Ì¬Í‡ÌªÍ™nÌÌ—Í•vÍŸÌŸÌœÌ˜Ì¦oÌ¶Ì™Ì°Ì keÍ€ÍšÌ®ÌºÌªÌ¹Ì±Ì¤ Ì–tÍÌÍ•Ì³Ì£Ì»ÌªhÌ¼Í“Ì²Ì¦Ì³Ì˜Ì²eÍ‡Ì£Ì°Ì¦Ì¬Í Ì¢Ì¼Ì»Ì±Ì˜hÍ…ÍšÍÍ™ÌœÌ£Ì²iÌ¦Ì²Ì£Ì°Ì¤vÌ»ÍeÌºÌ­Ì³ÌªÌ°-mÌ¢iÍ…nÌ–ÌºÌÌ²Ì¯Ì°dÌµÌ¼ÌŸÍ™Ì©Ì¼Ì˜Ì³ ÌÌ¥Ì±Ì³Ì­rÌ›Ì—Ì˜eÍ™pÍ rÌ¼ÌÌ»Ì­Ì—eÍŸÌºÌ Ì£sÌ˜Í‡Ì³ÍÌÍ‰eÍœÍ‰Ì¥Ì¯ÌÌ²ÍšÌ¬nÍ€Ì¬ÍÍÌŸÌ–Í‡Ì¤tÍ˜ÍÌ¬Í…Ì¤Í“Ì¼Ì­iÌªÌ±nÍ gÌ´Í‰ ÍÍ‰Í…cÌ¬ÌŸhÍ¡aÍ˜Ì«Ì»Ì¯oÌ«ÌŸÌ–ÍÌ™ÌÍ‰sÌ—Ì¦Ì².Ì¨Ì¹ÍˆÌ£,https://businesswire.com,51,2.1,2
381,Rhycero,() { 0; }; touch /tmp/blns.shellshock1.fail;,https://dropbox.com,27,0.1,6
382,Rhynyx,../../../../../../../../../../../etc/passwd%00,http://youtube.com,3,2.2,2
383,Flipbug,ğŸµ ğŸ™ˆ ğŸ™‰ ğŸ™Š,http://nhs.uk,29,0.7,6
384,Pixonyx,ğŸš¾ ğŸ†’ ğŸ†“ ğŸ†• ğŸ†– ğŸ†— ğŸ†™ ğŸ§,http://indiatimes.com,8,4.9,10
385,Bluejam,../../../../../../../../../../../etc/hosts,http://tinypic.com,19,2.9,10
386,Muxo,â£,https://usa.gov,24,4.5,5
387,Fatz,1/0,http://state.tx.us,7,2.4,2
388,Lajo,â£,https://github.com,98,3.0,1
389,Riffwire,NIL,http://sakura.ne.jp,49,0.2,1
390,JumpXS,1'; DROP TABLE users--,https://amazonaws.com,67,4.3,6
391,Quinu,Ã…ÃÃÃËÃ“Ã”ï£¿Ã’ÃšÃ†â˜ƒ,http://biglobe.ne.jp,20,2.2,3
392,Vitz,1E2,https://icq.com,97,4.6,8
393,Jaxspan,!@#$%^&*(),http://newsvine.com,19,2.4,4
394,Yodo,ç¤¾æœƒç§‘å­¸é™¢èªå­¸ç ”ç©¶æ‰€,https://unc.edu,30,2.3,6
395,Kazio,áš€,http://ameblo.jp,10,4.9,8
396,Voonder,â°â´âµ,https://ftc.gov,68,3.2,5
397,Chatterbridge,Ë™Énbá´‰lÉ ÉuÆƒÉÉ¯ ÇÉ¹olop Ê‡Ç ÇÉ¹oqÉl Ê‡n Ê‡unpá´‰pá´‰É”uá´‰ É¹odÉ¯ÇÊ‡ poÉ¯sná´‰Ç op pÇs 'Ê‡á´‰lÇ Æƒuá´‰É”sá´‰dá´‰pÉ É¹nÊ‡ÇÊ‡É”ÇsuoÉ” 'Ê‡ÇÉ¯É Ê‡á´‰s É¹olop É¯nsdá´‰ É¯ÇÉ¹oË¥,http://last.fm,50,3.0,8
398,Divavu,() { 0; }; touch /tmp/blns.shellshock1.fail;,https://sohu.com,92,0.8,3
399,Yodel,$1.00,https://t.co,67,3.4,9
400,Devify,$1.00,http://tiny.cc,10,1.7,3
401,Centidel,() { 0; }; touch /tmp/blns.shellshock1.fail;,http://epa.gov,92,3.0,2
402,Thoughtblab,â¢,https://scribd.com,60,2.0,9
403,Feedfire,ï½€ï½¨(Â´âˆ€ï½€âˆ©,https://altervista.org,98,2.7,3
404,Gigazoom,Ã…ÃÃÃËÃ“Ã”ï£¿Ã’ÃšÃ†â˜ƒ,http://newsvine.com,68,4.3,7
405,Browsezoom,ğŸ‘©ğŸ½,http://alexa.com,98,1.3,10
406,Flashdog,"__ï¾›(,_,*)",http://cbslocal.com,70,3.9,2
407,Jabbercube,(ï¾‰à²¥ç›Šà²¥ï¼‰ï¾‰ï»¿ â”»â”â”»,http://spotify.com,70,2.8,8
408,Centidel,testâ testâ€«,https://spotify.com,65,3.0,4
409,Youspan,1/0,http://mozilla.com,27,2.1,9
410,Thoughtbeat,<img src=x onerror=alert('hi') />,https://51.la,6,4.0,2
411,Thoughtmix,â€«testâ€«,http://mediafire.com,85,1.7,7
412,Quatz,ã€€,https://ifeng.com,8,2.0,7
413,Tazzy,TÌ•Ì­ÌºÌºoÍ Ì·iÌ²Ì¬Í‡ÌªÍ™nÌÌ—Í•vÍŸÌŸÌœÌ˜Ì¦oÌ¶Ì™Ì°Ì keÍ€ÍšÌ®ÌºÌªÌ¹Ì±Ì¤ Ì–tÍÌÍ•Ì³Ì£Ì»ÌªhÌ¼Í“Ì²Ì¦Ì³Ì˜Ì²eÍ‡Ì£Ì°Ì¦Ì¬Í Ì¢Ì¼Ì»Ì±Ì˜hÍ…ÍšÍÍ™ÌœÌ£Ì²iÌ¦Ì²Ì£Ì°Ì¤vÌ»ÍeÌºÌ­Ì³ÌªÌ°-mÌ¢iÍ…nÌ–ÌºÌÌ²Ì¯Ì°dÌµÌ¼ÌŸÍ™Ì©Ì¼Ì˜Ì³ ÌÌ¥Ì±Ì³Ì­rÌ›Ì—Ì˜eÍ™pÍ rÌ¼ÌÌ»Ì­Ì—eÍŸÌºÌ Ì£sÌ˜Í‡Ì³ÍÌÍ‰eÍœÍ‰Ì¥Ì¯ÌÌ²ÍšÌ¬nÍ€Ì¬ÍÍÌŸÌ–Í‡Ì¤tÍ˜ÍÌ¬Í…Ì¤Í“Ì¼Ì­iÌªÌ±nÍ gÌ´Í‰ ÍÍ‰Í…cÌ¬ÌŸhÍ¡aÍ˜Ì«Ì»Ì¯oÌ«ÌŸÌ–ÍÌ™ÌÍ‰sÌ—Ì¦Ì².Ì¨Ì¹ÍˆÌ£,http://reuters.com,39,4.5,2
414,Shufflester,-1E+02,http://arstechnica.com,88,0.4,7
415,Fanoodle,00Ë™Æ–$-,https://51.la,63,1.2,1
416,Topiczoom,Ã¥ÃŸâˆ‚Æ’Â©Ë™âˆ†ËšÂ¬â€¦Ã¦,https://instagram.com,3,3.5,2
417,Realbuzz,0.00,https://princeton.edu,12,2.0,9
418,BlogXS,1'; DROP TABLE users--,http://bbc.co.uk,36,4.9,2
419,Shuffledrive,-1/2,https://sourceforge.net,11,3.6,2
420,Trudoo,ZÌ®ÌÍ…Ì Í™Í”AÌ¥Ì—ÌÍˆÌ»Ì—LÌ£Í™ÍÌ¯Ì¹ÌÍ“GÌ»OÌ­Ì—Ì®,http://theglobeandmail.com,47,4.1,10
421,Twitterworks,1E+02,https://i2i.jp,44,0.9,1
422,Realpoint,"""",http://merriam-webster.com,36,4.0,5
423,Meembee,-1,http://wunderground.com,92,4.8,7
424,Yamia,ì‚¬íšŒê³¼í•™ì› ì–´í•™ì—°êµ¬ì†Œ,https://wsj.com,44,1.8,2
425,Rhyloo,â¡,http://t.co,50,4.9,6
426,Wordware,0.00,http://bigcartel.com,1,1.2,4
427,Zoozzy,Ì—ÌºÍ–Ì¹Ì¯Í“TÌ±Ì¤ÍÌ¥Í‡ÍˆhÍÌ²eÍÍ“Ì¼Ì—Ì™Ì¼Ì£Í” Í‡ÌœÌ±Ì Í“ÍÍ…NÍ Í•eÌ—Ì±zÌ˜ÌÌœÌºÍ™pÌ¤ÌºÌ¹ÍÌ¯ÍšeÍœÌ Ì»Ì rÌ¨Ì¤ÍÌºÌ–Í”Ì–Ì–dÍŸÌ ÌŸÌ­Ì¬ÌiÌ¦Í–Ì©Í“Í”Ì¤aÌ Ì—Ì¬Í‰Ì™nÍœÍš Ì»ÌÌ°ÍšÍ…hÌµÍ‰iÌ³ÌvÌ¢Í‡eÍŸÌ­Í-Ò‰Ì­Ì©Ì¼Í”mÌ¤Ì­Ì«iÍ•Í‡ÌÌ¦nÌ—Í™dÌ£ÌŸ ÍÌ¯Ì²Í•oÌ¨ÌŸÌ¯Ì°Ì²Í™Ì»Ìf Í˜ÌªÌ°Ì°Ì—Ì–Ì­Ì˜cÌ¦ÍÌ²ÌÍÌ©Ì™hÌ£ÍšaÍœÌ®ÍÌŸÌ™oÌ›Ì©Ì¹ÍsÌ¤.ÌÌ Ò‰ZÌ¡Ì–ÌœÍ–Ì°Ì£Í‰ÌœaÍ¡Í–Ì°Í™Ì¬lÌ²Ì«Ì³ÍÌ©gÌ¡ÌŸÌ¼Ì±ÍšÌÌ¬Í…oÍœÌ—.ÌŸ,http://myspace.com,23,0.4,3
428,Twinder,å’Œè£½æ¼¢èª,http://washington.edu,52,0.7,9
429,Twinte,0.00,http://washington.edu,31,2.1,8
430,Fadeo,ã€€,https://e-recht24.de,63,4.6,8
431,Gigaclub,Ì¡Í“Í…ÌIÍÌ—Ì˜Ì¦nÍ‡Í‡Í™vÌ®Ì«okÌ²Ì«Ì™ÍˆiÌ–Í™Ì­Ì¹Ì ÌnÌ¡Ì»Ì®Ì£ÌºgÌ²ÍˆÍ™Ì­Í™Ì¬Í Ì°tÍ”Ì¦hÌÌ²eÌ¢Ì¤ ÍÌ¬Ì²Í–fÌ´Ì˜Í•Ì£eÍ€Í–eÌ£Ì¥Ì©lÍ–Í”ÍšiÍ Í“ÍšÌ¦nÍ–ÍÌ—Í“Ì³Ì®gÍ Ì¨oÍ¡ÍšÌªfÌ˜Ì£Ì¬ Ì–Ì˜Í–ÌŸÍ™Ì®cÒ‰Í”Ì«Í–Í“Í‡Í–Í…hÌµÌ¤Ì£ÍšÍ”aÍÌ—Ì¼Í…Í•oÌ¼Ì£Ì¥sÍ¢Ì±ÍˆÌºÌ–Ì¦Ì».Ì›Ì–ÌÌ Ì«Ì°,https://zdnet.com,28,3.7,1
432,Centidel,Î©â‰ˆÃ§âˆšâˆ«ËœÂµâ‰¤â‰¥Ã·,https://cbslocal.com,36,1.8,10
433,Gigashots,ğ œğ œ±ğ ¹ğ ±“ğ ±¸ğ ²–ğ ³,https://so-net.ne.jp,0,2.5,1
434,Eayo,Â¸Ë›Ã‡â—ŠÄ±ËœÃ‚Â¯Ë˜Â¿,https://google.nl,68,2.0,1
435,Devcast,"__ï¾›(,_,*)",http://dot.gov,18,0.3,1
436,Tagfeed,ï¼‘ï¼’ï¼“,https://toplist.cz,87,2.2,5
437,Tagtune,"""'""'""''''""",http://washingtonpost.com,35,2.5,6
438,Realbuzz,NULL,http://youku.com,39,2.9,8
439,Bluezoom,1/2,https://usatoday.com,42,0.9,6
440,Quamba,1/0,https://aboutads.info,63,4.3,4
441,Aivee,ï»¿,https://t.co,82,1.9,3
442,Zoovu,Å“âˆ‘Â´Â®â€ Â¥Â¨Ë†Ã¸Ï€â€œâ€˜,http://ed.gov,4,4.7,9
443,Fanoodle,<svg><script>0<1>alert('XSS')</script>,http://sina.com.cn,89,4.1,8
444,Kimia,-1E+02,https://yahoo.com,31,2.3,1
445,Skimia,ìš¸ë€ë°”í† ë¥´,http://hud.gov,67,2.2,10
446,Devpoint,ãƒ»(ï¿£âˆ€ï¿£)ãƒ»:*:,https://reverbnation.com,50,4.2,5
447,Kazu,-$1.00,http://paginegialle.it,37,1.4,1
448,Livetube,00Ë™Æ–$-,https://nhs.uk,23,1.0,7
449,Youopia,ï»¿,https://bbb.org,1,3.2,2
450,Innotype,â¤ï¸ ğŸ’” ğŸ’Œ ğŸ’• ğŸ’ ğŸ’“ ğŸ’— ğŸ’– ğŸ’˜ ğŸ’ ğŸ’Ÿ ğŸ’œ ğŸ’› ğŸ’š ğŸ’™,https://1und1.de,39,4.6,6
451,Babblestorm,<script>alert('hi')</script>,http://123-reg.co.uk,23,4.5,6
452,Twitterworks,"""",http://nhs.uk,8,1.1,2
453,Aivee,null,http://seesaa.net,26,0.4,5
454,Skyvu,testâ testâ€«,https://cornell.edu,40,2.8,7
455,Browsetype,â€‹,https://globo.com,89,4.8,2
456,Roomm,â£,https://shutterfly.com,7,1.1,7
457,Dynabox,<img src=x onerror=alert('hi') />,https://google.de,2,1.8,4
458,Aibox,/dev/null; touch /tmp/blns.fail ; echo,http://epa.gov,6,2.2,4
459,Blognation,Ã…ÃÃÃËÃ“Ã”ï£¿Ã’ÃšÃ†â˜ƒ,https://indiatimes.com,52,4.1,10
460,Yodo,ç”°ä¸­ã•ã‚“ã«ã‚ã’ã¦ä¸‹ã•ã„,http://europa.eu,29,0.8,8
461,Kare,âœ‹ğŸ¿ ğŸ’ªğŸ¿ ğŸ‘ğŸ¿ ğŸ™ŒğŸ¿ ğŸ‘ğŸ¿ ğŸ™ğŸ¿,https://nationalgeographic.com,10,3.1,10
462,Linkbridge,-$1.00,https://umn.edu,71,4.1,5
463,Flipbug,Ã¥ÃŸâˆ‚Æ’Â©Ë™âˆ†ËšÂ¬â€¦Ã¦,http://umich.edu,78,4.4,8
464,Flashdog,â¤ï¸ ğŸ’” ğŸ’Œ ğŸ’• ğŸ’ ğŸ’“ ğŸ’— ğŸ’– ğŸ’˜ ğŸ’ ğŸ’Ÿ ğŸ’œ ğŸ’› ğŸ’š ğŸ’™,https://vinaora.com,44,1.9,9
465,Vimbo,",./;'[]\-=",http://qq.com,89,4.8,6
466,Roombo,âœ‹ğŸ¿ ğŸ’ªğŸ¿ ğŸ‘ğŸ¿ ğŸ™ŒğŸ¿ ğŸ‘ğŸ¿ ğŸ™ğŸ¿,http://gnu.org,66,4.8,1
467,Jaxnation,éƒ¨è½æ ¼,http://berkeley.edu,31,3.4,8
468,Skalith,×”Ö¸×™Ö°×ªÖ¸×”testØ§Ù„ØµÙØ­Ø§Øª Ø§Ù„ØªÙ‘Ø­ÙˆÙ„,http://hhs.gov,13,3.2,9
469,Zooxo,",ã€‚ãƒ»:*:ãƒ»ã‚œâ€™( â˜» Ï‰ â˜» )ã€‚ãƒ»:*:ãƒ»ã‚œâ€™",https://tripadvisor.com,68,3.8,9
470,Twinder,$1.00,http://flavors.me,47,0.4,10
471,Yata,ğ œğ œ±ğ ¹ğ ±“ğ ±¸ğ ²–ğ ³,http://fastcompany.com,74,2.5,2
472,Dabfeed,"""",http://google.co.uk,66,1.7,5
473,Fiveclub,ZÌ®ÌÍ…Ì Í™Í”AÌ¥Ì—ÌÍˆÌ»Ì—LÌ£Í™ÍÌ¯Ì¹ÌÍ“GÌ»OÌ­Ì—Ì®,http://google.com.hk,21,0.7,8
474,Cogibox,ç¤¾æœƒç§‘å­¸é™¢èªå­¸ç ”ç©¶æ‰€,https://drupal.org,25,1.0,5
475,Wikizz,éƒ¨è½æ ¼,https://is.gd,58,3.8,3
476,Voonyx,ãƒ‘ãƒ¼ãƒ†ã‚£ãƒ¼ã¸è¡Œã‹ãªã„ã‹,http://dedecms.com,52,1.2,4
477,Zoonoodle,1'; DROP TABLE users--,http://behance.net,55,2.1,6
478,Rooxo,../../../../../../../../../../../etc/hosts,http://hubpages.com,94,2.9,5
479,Twiyo,1'; DROP TABLE users--,https://plala.or.jp,23,1.3,6
480,Twinder,1E02,http://w3.org,39,2.4,4
481,Blogtag,(ï½¡â—• âˆ€ â—•ï½¡),https://technorati.com,36,2.9,3
482,Agimba,$1.00,http://icio.us,0,4.1,7
483,Dynava,â€‹,https://symantec.com,25,4.6,6
484,Edgetag,-1E+02,https://smugmug.com,56,3.0,10
485,Quinu,<script>alert('hi')</script>,http://senate.gov,16,3.5,7
486,Wordtune,å’Œè£½æ¼¢èª,http://toplist.cz,6,2.3,6
487,Gabtype,â¢,https://edublogs.org,78,3.5,3
488,InnoZ,0ï¸âƒ£ 1ï¸âƒ£ 2ï¸âƒ£ 3ï¸âƒ£ 4ï¸âƒ£ 5ï¸âƒ£ 6ï¸âƒ£ 7ï¸âƒ£ 8ï¸âƒ£ 9ï¸âƒ£ ğŸ”Ÿ,http://youku.com,23,2.0,6
489,Lazzy,../../../../../../../../../../../etc/hosts,http://csmonitor.com,27,0.5,1
490,Jamia,NIL,http://tripadvisor.com,49,3.2,6
491,Shufflester,â€‹,http://ycombinator.com,58,4.6,3
492,Browsedrive,ZÌ®ÌÍ…Ì Í™Í”AÌ¥Ì—ÌÍˆÌ»Ì—LÌ£Í™ÍÌ¯Ì¹ÌÍ“GÌ»OÌ­Ì—Ì®,http://spotify.com,83,1.1,9
493,Rhycero,1/0,http://google.es,40,0.2,10
494,Wordtune,"""""",http://theatlantic.com,43,2.8,5
495,Twiyo,ï¾Ÿï½¥âœ¿ãƒ¾â•²(ï½¡â—•â€¿â—•ï½¡)â•±âœ¿ï½¥ï¾Ÿ,https://cnbc.com,15,4.1,2
496,Skinder,Î©â‰ˆÃ§âˆšâˆ«ËœÂµâ‰¤â‰¥Ã·,https://blogger.com,1,4.6,8
497,Wordtune,999999999999999999999999999999999999999999999999999999999999999999999999999999999999999999999999,https://europa.eu,67,0.4,3
498,Dablist,ãƒ‘ãƒ¼ãƒ†ã‚£ãƒ¼ã¸è¡Œã‹ãªã„ã‹,http://deviantart.com,39,3.1,7
499,Yamia,ãƒ½à¼¼àºˆÙ„Íœàºˆà¼½ï¾‰ ãƒ½à¼¼àºˆÙ„Íœàºˆà¼½ï¾‰ ,http://wikimedia.org,82,2.6,9
500,Muxo,Â¸Ë›Ã‡â—ŠÄ±ËœÃ‚Â¯Ë˜Â¿,http://uol.com.br,14,2.7,2
501,Skipstorm,ï¾Ÿï½¥âœ¿ãƒ¾â•²(ï½¡â—•â€¿â—•ï½¡)â•±âœ¿ï½¥ï¾Ÿ,https://whitehouse.gov,61,2.2,1
502,Yoveo,ï½€ï½¨(Â´âˆ€ï½€âˆ©,https://ted.com,79,3.1,3
503,Skaboo,../../../../../../../../../../../etc/hosts,http://blogspot.com,12,1.1,2
504,Jabberstorm,â¢,http://blogtalkradio.com,65,3.9,6
505,Oozz,Ì¦HÍÌ¬Ì¤Ì—Ì¤eÍœ ÍÌœÌ¥ÌÌ»ÍÌŸwÌ•hÌ–Ì¯Í“oÌÍ™Ì–ÍÌ±Ì® Ò‰ÌºÌ™ÌÌŸÍˆWÌ·Ì¼Ì­aÌºÌªÍiÌ¨ÍˆÍ•Ì­Í™Ì¯ÌœtÌ¶Ì¼Ì®sÌ•Ì˜Í™Í– Ì Ì«Ì BÌ»ÍÍ…Í™Í‰Ì³eÌµhÌµÌ¬Í‡Ì«Í™iÌ•Ì¹Í“Ì³Ì³Ì®ÍÌ«nÍŸdÌ´ÌªÌœÌ– ÍÌ°Í‰Ì©Í…Í‡Í™Ì²TÍ¢Í–Ì¼Í“ÌªhÍÍ“Ì®Ì»eÌ¬ÌÍ…ÌŸ Ì¤Ì¹ÌWÍÍ…Í™ÌÌÍ”Í‡aÍÍ“Í”Ì¹Ì¼Ì£lÌ´Í”Ì°Ì¤ÌŸÍ”lÌ­Ì«.Í•,https://gravatar.com,22,1.5,1
506,Mita,$1.00,https://shinystat.com,49,4.2,1
507,Dabjam,ğŸµ ğŸ™ˆ ğŸ™‰ ğŸ™Š,http://purevolume.com,62,3.7,8
508,Rhybox,Î©â‰ˆÃ§âˆšâˆ«ËœÂµâ‰¤â‰¥Ã·,http://last.fm,44,0.6,7
509,Fivespan,â€«testâ€«,http://go.com,58,3.9,10
510,Skimia,Å“âˆ‘Â´Â®â€ Â¥Â¨Ë†Ã¸Ï€â€œâ€˜,http://accuweather.com,29,1.8,7
511,Buzzster,Ã¥ÃŸâˆ‚Æ’Â©Ë™âˆ†ËšÂ¬â€¦Ã¦,https://ustream.tv,27,0.2,5
512,Quire,"""'""'""''''""",https://nature.com,44,1.1,3
513,Thoughtbridge,Â¸Ë›Ã‡â—ŠÄ±ËœÃ‚Â¯Ë˜Â¿,https://businesswire.com,84,2.2,7
514,Thoughtbeat,×”Ö¸×™Ö°×ªÖ¸×”testØ§Ù„ØµÙØ­Ø§Øª Ø§Ù„ØªÙ‘Ø­ÙˆÙ„,https://jigsy.com,58,4.1,2
515,Zoomzone,1E02,http://addtoany.com,25,0.6,1
516,Cogidoo,ìš¸ë€ë°”í† ë¥´,http://wix.com,74,3.8,6
517,Oodoo,Ù¡Ù¢Ù£,http://msu.edu,87,1.6,3
518,Thoughtsphere,â£,http://stumbleupon.com,25,4.5,3
519,Gevee,â°â´âµâ‚€â‚â‚‚,https://imgur.com,73,2.1,3
520,Rhyloo,(â•¯Â°â–¡Â°ï¼‰â•¯ï¸µ â”»â”â”»)  ,http://homestead.com,44,3.8,9
521,Buzzster,(â•¯Â°â–¡Â°ï¼‰â•¯ï¸µ â”»â”â”»)  ,http://lycos.com,77,4.3,7
522,Babblestorm,ãƒ»(ï¿£âˆ€ï¿£)ãƒ»:*:,https://ocn.ne.jp,89,1.3,3
523,Flashspan,ç”°ä¸­ã•ã‚“ã«ã‚ã’ã¦ä¸‹ã•ã„,https://angelfire.com,99,0.2,4
524,Yozio,"<>?:""{}|_+",http://studiopress.com,52,3.9,2
525,Livetube,ã€€,http://technorati.com,40,2.9,3
526,Vitz,â€©testâ€©,https://mashable.com,49,4.7,8
527,Skajo,â°â´âµâ‚€â‚â‚‚,http://omniture.com,16,1.1,6
528,Avaveo,nil,https://dagondesign.com,3,1.1,1
529,Photobug,1;DROP TABLE users,https://ovh.net,80,2.4,8
530,Brainlounge,-$1.00,http://vkontakte.ru,80,3.1,7
531,Jabberstorm,',https://homestead.com,66,4.9,5
532,Topicware,testâ testâ€«,https://nationalgeographic.com,80,2.4,8
533,Jaxspan,Ì—ÌºÍ–Ì¹Ì¯Í“TÌ±Ì¤ÍÌ¥Í‡ÍˆhÍÌ²eÍÍ“Ì¼Ì—Ì™Ì¼Ì£Í” Í‡ÌœÌ±Ì Í“ÍÍ…NÍ Í•eÌ—Ì±zÌ˜ÌÌœÌºÍ™pÌ¤ÌºÌ¹ÍÌ¯ÍšeÍœÌ Ì»Ì rÌ¨Ì¤ÍÌºÌ–Í”Ì–Ì–dÍŸÌ ÌŸÌ­Ì¬ÌiÌ¦Í–Ì©Í“Í”Ì¤aÌ Ì—Ì¬Í‰Ì™nÍœÍš Ì»ÌÌ°ÍšÍ…hÌµÍ‰iÌ³ÌvÌ¢Í‡eÍŸÌ­Í-Ò‰Ì­Ì©Ì¼Í”mÌ¤Ì­Ì«iÍ•Í‡ÌÌ¦nÌ—Í™dÌ£ÌŸ ÍÌ¯Ì²Í•oÌ¨ÌŸÌ¯Ì°Ì²Í™Ì»Ìf Í˜ÌªÌ°Ì°Ì—Ì–Ì­Ì˜cÌ¦ÍÌ²ÌÍÌ©Ì™hÌ£ÍšaÍœÌ®ÍÌŸÌ™oÌ›Ì©Ì¹ÍsÌ¤.ÌÌ Ò‰ZÌ¡Ì–ÌœÍ–Ì°Ì£Í‰ÌœaÍ¡Í–Ì°Í™Ì¬lÌ²Ì«Ì³ÍÌ©gÌ¡ÌŸÌ¼Ì±ÍšÌÌ¬Í…oÍœÌ—.ÌŸ,http://ask.com,5,2.1,3
534,Vimbo,0.00,https://usgs.gov,99,3.6,7
535,Dabfeed,(ï¾‰à²¥ç›Šà²¥ï¼‰ï¾‰ï»¿ â”»â”â”»,http://netvibes.com,14,3.3,7
536,Edgewire,Å“âˆ‘Â´Â®â€ Â¥Â¨Ë†Ã¸Ï€â€œâ€˜,https://jugem.jp,10,4.3,4
537,Jaxnation,Î©â‰ˆÃ§âˆšâˆ«ËœÂµâ‰¤â‰¥Ã·,https://goodreads.com,39,1.4,6
538,Kare,â£,https://reuters.com,74,4.5,8
539,Twitterwire,TÌ•Ì­ÌºÌºoÍ Ì·iÌ²Ì¬Í‡ÌªÍ™nÌÌ—Í•vÍŸÌŸÌœÌ˜Ì¦oÌ¶Ì™Ì°Ì keÍ€ÍšÌ®ÌºÌªÌ¹Ì±Ì¤ Ì–tÍÌÍ•Ì³Ì£Ì»ÌªhÌ¼Í“Ì²Ì¦Ì³Ì˜Ì²eÍ‡Ì£Ì°Ì¦Ì¬Í Ì¢Ì¼Ì»Ì±Ì˜hÍ…ÍšÍÍ™ÌœÌ£Ì²iÌ¦Ì²Ì£Ì°Ì¤vÌ»ÍeÌºÌ­Ì³ÌªÌ°-mÌ¢iÍ…nÌ–ÌºÌÌ²Ì¯Ì°dÌµÌ¼ÌŸÍ™Ì©Ì¼Ì˜Ì³ ÌÌ¥Ì±Ì³Ì­rÌ›Ì—Ì˜eÍ™pÍ rÌ¼ÌÌ»Ì­Ì—eÍŸÌºÌ Ì£sÌ˜Í‡Ì³ÍÌÍ‰eÍœÍ‰Ì¥Ì¯ÌÌ²ÍšÌ¬nÍ€Ì¬ÍÍÌŸÌ–Í‡Ì¤tÍ˜ÍÌ¬Í…Ì¤Í“Ì¼Ì­iÌªÌ±nÍ gÌ´Í‰ ÍÍ‰Í…cÌ¬ÌŸhÍ¡aÍ˜Ì«Ì»Ì¯oÌ«ÌŸÌ–ÍÌ™ÌÍ‰sÌ—Ì¦Ì².Ì¨Ì¹ÍˆÌ£,https://pinterest.com,92,4.3,6
540,Flashset,1E+02,https://timesonline.co.uk,8,3.9,1
541,Yakidoo,ï¼‘ï¼’ï¼“,https://bloglines.com,89,1.0,1
542,Snaptags,(ï¾‰à²¥ç›Šà²¥ï¼‰ï¾‰ï»¿ â”»â”â”»,http://macromedia.com,82,2.3,8
543,Babbleopia,ï½€ï½¨(Â´âˆ€ï½€âˆ©,http://free.fr,35,1.2,9
544,Vimbo,Â¸Ë›Ã‡â—ŠÄ±ËœÃ‚Â¯Ë˜Â¿,http://sakura.ne.jp,56,2.3,4
545,Skibox,áš€,https://mapquest.com,50,3.2,4
546,Realmix,'',http://chronoengine.com,22,0.8,2
547,Gevee,ç”°ä¸­ã•ã‚“ã«ã‚ã’ã¦ä¸‹ã•ã„,http://wikimedia.org,7,2.5,3
548,Omba,Ë™Énbá´‰lÉ ÉuÆƒÉÉ¯ ÇÉ¹olop Ê‡Ç ÇÉ¹oqÉl Ê‡n Ê‡unpá´‰pá´‰É”uá´‰ É¹odÉ¯ÇÊ‡ poÉ¯sná´‰Ç op pÇs 'Ê‡á´‰lÇ Æƒuá´‰É”sá´‰dá´‰pÉ É¹nÊ‡ÇÊ‡É”ÇsuoÉ” 'Ê‡ÇÉ¯É Ê‡á´‰s É¹olop É¯nsdá´‰ É¯ÇÉ¹oË¥,https://imdb.com,39,4.6,6
549,Ntag,"'""'",https://utexas.edu,37,4.5,2
550,Nlounge,() { _; } >_[$($())] { touch /tmp/blns.shellshock2.fail; },https://cnet.com,76,2.6,5
551,Topiczoom,Ë™Énbá´‰lÉ ÉuÆƒÉÉ¯ ÇÉ¹olop Ê‡Ç ÇÉ¹oqÉl Ê‡n Ê‡unpá´‰pá´‰É”uá´‰ É¹odÉ¯ÇÊ‡ poÉ¯sná´‰Ç op pÇs 'Ê‡á´‰lÇ Æƒuá´‰É”sá´‰dá´‰pÉ É¹nÊ‡ÇÊ‡É”ÇsuoÉ” 'Ê‡ÇÉ¯É Ê‡á´‰s É¹olop É¯nsdá´‰ É¯ÇÉ¹oË¥,https://stumbleupon.com,97,0.4,10
552,Fatz,-1E+02,http://cornell.edu,33,0.6,9
553,Voolith,1;DROP TABLE users,http://tinypic.com,36,1.4,5
554,Youopia,"""'""'""''''""",http://php.net,73,4.8,9
555,Flipopia,ğŸµ ğŸ™ˆ ğŸ™‰ ğŸ™Š,http://independent.co.uk,28,1.4,7
556,Gabtune,â€‹,https://google.com.br,41,3.9,6
557,Flipopia,ğŸš¾ ğŸ†’ ğŸ†“ ğŸ†• ğŸ†– ğŸ†— ğŸ†™ ğŸ§,https://google.de,90,2.4,4
558,Skajo,ì‚¬íšŒê³¼í•™ì› ì–´í•™ì—°êµ¬ì†Œ,https://networkadvertising.org,3,0.6,5
559,Voonix,00Ë™Æ–$-,https://amazon.de,58,2.4,7
560,Agivu,1E02,https://tinypic.com,3,4.1,4
561,Voomm,../../../../../../../../../../../etc/hosts,http://guardian.co.uk,35,2.8,10
562,Topicblab,ğŸ‘©ğŸ½,https://quantcast.com,87,4.8,7
563,Snaptags,testâ testâ€«,http://youtube.com,29,3.2,5
564,Twiyo,ç”°ä¸­ã•ã‚“ã«ã‚ã’ã¦ä¸‹ã•ã„,http://vkontakte.ru,44,4.5,10
565,Mycat,â‚€â‚â‚‚,http://buzzfeed.com,50,1.9,2
566,Dynazzy,â€‹,https://cisco.com,21,1.6,5
567,Bubbletube,../../../../../../../../../../../etc/hosts,https://woothemes.com,59,0.3,9
568,Bubblebox,!@#$%^&*(),https://ifeng.com,32,2.0,2
569,Quaxo,00Ë™Æ–$-,http://prweb.com,28,0.7,7
570,Realcube,testâ testâ€«,https://ezinearticles.com,89,3.9,5
571,Jabbertype,1,https://pcworld.com,9,3.8,1
572,Layo,",ã€‚ãƒ»:*:ãƒ»ã‚œâ€™( â˜» Ï‰ â˜» )ã€‚ãƒ»:*:ãƒ»ã‚œâ€™",http://wisc.edu,27,3.3,4
573,Kare,â¢,https://businessinsider.com,79,0.8,7
574,Kwilith,ï¼‘ï¼’ï¼“,http://technorati.com,55,4.4,4
575,Wordware,1E+02,http://yahoo.co.jp,2,3.8,10
576,Digitube,ï¾Ÿï½¥âœ¿ãƒ¾â•²(ï½¡â—•â€¿â—•ï½¡)â•±âœ¿ï½¥ï¾Ÿ,http://webmd.com,28,0.0,6
577,BlogXS,Å’â€Â´â€°Ë‡ÃÂ¨Ë†Ã˜âˆâ€â€™,https://youku.com,86,4.9,2
578,Oyope,"__ï¾›(,_,*)",https://dagondesign.com,63,3.7,2
579,InnoZ,"""""",http://infoseek.co.jp,42,4.0,3
580,Katz,áš€,http://com.com,18,4.9,9
581,Voonyx,â‚€â‚â‚‚,https://soundcloud.com,75,3.7,7
582,Pixoboo,Â¡â„¢Â£Â¢âˆÂ§Â¶â€¢ÂªÂºâ€“â‰ ,https://umich.edu,100,1.7,1
583,Tazz,"×‘Ö¼Ö°×¨Öµ××©×Ö´×™×ª, ×‘Ö¼Ö¸×¨Ö¸× ×Ö±×œÖ¹×”Ö´×™×, ×Öµ×ª ×”Ö·×©Ö¼×Ö¸×Ö·×™Ö´×, ×•Ö°×Öµ×ª ×”Ö¸×Ö¸×¨Ö¶×¥",https://noaa.gov,70,2.6,2
584,Divape,ï¼‘ï¼’ï¼“,http://ow.ly,58,3.9,2
585,Wordpedia,Â¸Ë›Ã‡â—ŠÄ±ËœÃ‚Â¯Ë˜Â¿,http://qq.com,100,3.9,6
586,Twinte,testâ testâ€«,https://businesswire.com,61,1.7,6
587,Fiveclub,"<>?:""{}|_+",https://mapquest.com,15,0.9,3
588,Leexo,Å“âˆ‘Â´Â®â€ Â¥Â¨Ë†Ã¸Ï€â€œâ€˜,https://senate.gov,32,0.0,3
589,Ooba,"×‘Ö¼Ö°×¨Öµ××©×Ö´×™×ª, ×‘Ö¼Ö¸×¨Ö¸× ×Ö±×œÖ¹×”Ö´×™×, ×Öµ×ª ×”Ö·×©Ö¼×Ö¸×Ö·×™Ö´×, ×•Ö°×Öµ×ª ×”Ö¸×Ö¸×¨Ö¶×¥",https://uiuc.edu,53,0.3,4
590,Ooba,â€‹,https://engadget.com,78,0.2,1
591,Linkbuzz,ãƒ½à¼¼àºˆÙ„Íœàºˆà¼½ï¾‰ ãƒ½à¼¼àºˆÙ„Íœàºˆà¼½ï¾‰ ,https://symantec.com,54,0.3,1
592,Oyoloo,"""'""'""''''""",http://globo.com,4,3.6,7
593,Photobug,1E+02,https://oakley.com,30,4.8,4
594,Flashpoint,ï»¿,https://reddit.com,79,2.5,3
595,Cogilith,ãƒ‘ãƒ¼ãƒ†ã‚£ãƒ¼ã¸è¡Œã‹ãªã„ã‹,http://comsenz.com,46,3.4,10
596,Snaptags,ğŸµ ğŸ™ˆ ğŸ™‰ ğŸ™Š,http://discovery.com,33,1.0,2
597,Trunyx,999999999999999999999999999999999999999999999999999999999999999999999999999999999999999999999999,http://sakura.ne.jp,19,4.0,8
598,Twinder,(ï½¡â—• âˆ€ â—•ï½¡),https://facebook.com,91,2.1,8
599,Thoughtblab,1'; DROP TABLE users--,http://google.de,10,2.2,8
600,Flipopia,"<>?:""{}|_+",http://cbsnews.com,83,3.3,8
601,Jayo,â°â´âµâ‚€â‚â‚‚,http://ebay.com,21,2.1,5
602,Yakitri,Ã…ÃÃÃËÃ“Ã”ï£¿Ã’ÃšÃ†â˜ƒ,https://mapquest.com,71,2.3,7
603,Realpoint,ì‚¬íšŒê³¼í•™ì› ì–´í•™ì—°êµ¬ì†Œ,http://theguardian.com,29,2.7,4
604,Meejo,",./;'[]\-=",https://altervista.org,71,2.4,3
605,Minyx,ç”°ä¸­ã•ã‚“ã«ã‚ã’ã¦ä¸‹ã•ã„,https://webs.com,4,4.8,5
606,Jaxspan,() { 0; }; touch /tmp/blns.shellshock1.fail;,https://who.int,48,2.3,8
607,Eazzy,Ã¥ÃŸâˆ‚Æ’Â©Ë™âˆ†ËšÂ¬â€¦Ã¦,http://google.com.au,17,1.7,7
608,Flashdog,ç¤¾æœƒç§‘å­¸é™¢èªå­¸ç ”ç©¶æ‰€,https://cnbc.com,12,0.5,8
609,Bubbletube,Å“âˆ‘Â´Â®â€ Â¥Â¨Ë†Ã¸Ï€â€œâ€˜,https://wisc.edu,71,0.3,7
610,Brainverse,âœ‹ğŸ¿ ğŸ’ªğŸ¿ ğŸ‘ğŸ¿ ğŸ™ŒğŸ¿ ğŸ‘ğŸ¿ ğŸ™ğŸ¿,http://barnesandnoble.com,54,4.6,3
611,Meetz,-$1.00,https://de.vu,31,4.1,5
612,Eamia,"<>?:""{}|_+",https://imageshack.us,13,0.9,4
613,Jetwire,<img src=x onerror=alert('hi') />,https://ycombinator.com,49,1.1,8
614,Dynava,<script>alert('hi')</script>,http://whitehouse.gov,35,4.8,9
615,Skipstorm,ï»¿,http://friendfeed.com,83,0.7,3
616,Avaveo,ìš¸ë€ë°”í† ë¥´,http://msu.edu,42,1.1,2
617,Brightdog,â€«testâ€«,http://amazon.co.uk,62,4.5,4
618,Dabjam,â°â´âµâ‚€â‚â‚‚,https://diigo.com,91,0.3,3
619,Fivespan,ï¾Ÿï½¥âœ¿ãƒ¾â•²(ï½¡â—•â€¿â—•ï½¡)â•±âœ¿ï½¥ï¾Ÿ,http://umich.edu,18,2.5,6
620,Skimia,Ë™Énbá´‰lÉ ÉuÆƒÉÉ¯ ÇÉ¹olop Ê‡Ç ÇÉ¹oqÉl Ê‡n Ê‡unpá´‰pá´‰É”uá´‰ É¹odÉ¯ÇÊ‡ poÉ¯sná´‰Ç op pÇs 'Ê‡á´‰lÇ Æƒuá´‰É”sá´‰dá´‰pÉ É¹nÊ‡ÇÊ‡É”ÇsuoÉ” 'Ê‡ÇÉ¯É Ê‡á´‰s É¹olop É¯nsdá´‰ É¯ÇÉ¹oË¥,http://geocities.com,66,3.6,1
621,Flashdog,"__ï¾›(,_,*)",http://people.com.cn,94,0.8,4
622,Twitterbridge,0ï¸âƒ£ 1ï¸âƒ£ 2ï¸âƒ£ 3ï¸âƒ£ 4ï¸âƒ£ 5ï¸âƒ£ 6ï¸âƒ£ 7ï¸âƒ£ 8ï¸âƒ£ 9ï¸âƒ£ ğŸ”Ÿ,http://usda.gov,89,2.9,3
623,Mycat,Â¡â„¢Â£Â¢âˆÂ§Â¶â€¢ÂªÂºâ€“â‰ ,https://qq.com,78,3.2,9
624,Oloo,áš€,http://google.cn,41,2.4,4
625,Jaxbean,",./;'[]\-=",https://jugem.jp,2,4.5,8
626,Jabbersphere,"__ï¾›(,_,*)",https://noaa.gov,14,4.6,1
627,Jatri,ğŸ‘©ğŸ½,http://npr.org,11,3.5,4
628,Yabox,/dev/null; touch /tmp/blns.fail ; echo,https://wufoo.com,6,0.5,8
629,Fanoodle,NULL,http://flavors.me,81,3.3,1
630,Janyx,() { 0; }; touch /tmp/blns.shellshock1.fail;,https://miitbeian.gov.cn,52,0.1,8
631,Skipfire,ZÌ®ÌÍ…Ì Í™Í”AÌ¥Ì—ÌÍˆÌ»Ì—LÌ£Í™ÍÌ¯Ì¹ÌÍ“GÌ»OÌ­Ì—Ì®,https://hp.com,55,4.9,3
632,Pixoboo,ï¾Ÿï½¥âœ¿ãƒ¾â•²(ï½¡â—•â€¿â—•ï½¡)â•±âœ¿ï½¥ï¾Ÿ,http://illinois.edu,25,2.5,9
633,Linkbuzz,1E2,https://nyu.edu,74,4.6,9
634,Youfeed,ì‚¬íšŒê³¼í•™ì› ì–´í•™ì—°êµ¬ì†Œ,https://alibaba.com,38,1.2,9
635,Mydeo,Ì¡Í“Í…ÌIÍÌ—Ì˜Ì¦nÍ‡Í‡Í™vÌ®Ì«okÌ²Ì«Ì™ÍˆiÌ–Í™Ì­Ì¹Ì ÌnÌ¡Ì»Ì®Ì£ÌºgÌ²ÍˆÍ™Ì­Í™Ì¬Í Ì°tÍ”Ì¦hÌÌ²eÌ¢Ì¤ ÍÌ¬Ì²Í–fÌ´Ì˜Í•Ì£eÍ€Í–eÌ£Ì¥Ì©lÍ–Í”ÍšiÍ Í“ÍšÌ¦nÍ–ÍÌ—Í“Ì³Ì®gÍ Ì¨oÍ¡ÍšÌªfÌ˜Ì£Ì¬ Ì–Ì˜Í–ÌŸÍ™Ì®cÒ‰Í”Ì«Í–Í“Í‡Í–Í…hÌµÌ¤Ì£ÍšÍ”aÍÌ—Ì¼Í…Í•oÌ¼Ì£Ì¥sÍ¢Ì±ÍˆÌºÌ–Ì¦Ì».Ì›Ì–ÌÌ Ì«Ì°,https://angelfire.com,28,3.8,4
636,Dynabox,"__ï¾›(,_,*)",http://miibeian.gov.cn,21,1.5,9
637,Dabshots,testâ testâ€«,http://redcross.org,17,1.8,5
638,Cogibox,1.00,http://last.fm,0,2.6,6
639,Npath,ãƒ‘ãƒ¼ãƒ†ã‚£ãƒ¼ã¸è¡Œã‹ãªã„ã‹,http://addthis.com,75,1.1,2
640,Twitterbridge,,https://weather.com,14,0.9,8
641,Twitterwire,(â•¯Â°â–¡Â°ï¼‰â•¯ï¸µ â”»â”â”»)  ,https://prnewswire.com,84,4.5,8
642,Gabvine,â°â´âµâ‚€â‚â‚‚,https://fema.gov,95,3.4,10
643,Bluezoom,"""''''""'""",https://prlog.org,19,3.2,8
644,Pixoboo,â¡,https://blogtalkradio.com,51,2.7,6
645,Meedoo,ğ œğ œ±ğ ¹ğ ±“ğ ±¸ğ ²–ğ ³,https://netvibes.com,31,2.3,8
646,Realcube,â£,http://wunderground.com,17,3.3,5
647,Skajo,1.00,http://cornell.edu,95,1.8,3
648,Blogspan,â‚€â‚â‚‚,https://cornell.edu,12,2.9,6
649,Tavu,<img src=x onerror=alert('hi') />,http://cnbc.com,100,1.7,2
650,Jabbersphere,() { 0; }; touch /tmp/blns.shellshock1.fail;,http://stumbleupon.com,39,3.6,5
651,Skinder,"×‘Ö¼Ö°×¨Öµ××©×Ö´×™×ª, ×‘Ö¼Ö¸×¨Ö¸× ×Ö±×œÖ¹×”Ö´×™×, ×Öµ×ª ×”Ö·×©Ö¼×Ö¸×Ö·×™Ö´×, ×•Ö°×Öµ×ª ×”Ö¸×Ö¸×¨Ö¶×¥",http://mtv.com,27,4.2,1
652,Oyoloo,1E+02,http://hibu.com,39,1.8,2
653,Riffpedia,â°â´âµ,http://ox.ac.uk,91,2.2,1
654,Eidel,Å’â€Â´â€°Ë‡ÃÂ¨Ë†Ã˜âˆâ€â€™,http://dmoz.org,95,4.3,9
655,Gabtune,Ì¡Í“Í…ÌIÍÌ—Ì˜Ì¦nÍ‡Í‡Í™vÌ®Ì«okÌ²Ì«Ì™ÍˆiÌ–Í™Ì­Ì¹Ì ÌnÌ¡Ì»Ì®Ì£ÌºgÌ²ÍˆÍ™Ì­Í™Ì¬Í Ì°tÍ”Ì¦hÌÌ²eÌ¢Ì¤ ÍÌ¬Ì²Í–fÌ´Ì˜Í•Ì£eÍ€Í–eÌ£Ì¥Ì©lÍ–Í”ÍšiÍ Í“ÍšÌ¦nÍ–ÍÌ—Í“Ì³Ì®gÍ Ì¨oÍ¡ÍšÌªfÌ˜Ì£Ì¬ Ì–Ì˜Í–ÌŸÍ™Ì®cÒ‰Í”Ì«Í–Í“Í‡Í–Í…hÌµÌ¤Ì£ÍšÍ”aÍÌ—Ì¼Í…Í•oÌ¼Ì£Ì¥sÍ¢Ì±ÍˆÌºÌ–Ì¦Ì».Ì›Ì–ÌÌ Ì«Ì°,http://latimes.com,27,4.4,2
656,Vinder,",ã€‚ãƒ»:*:ãƒ»ã‚œâ€™( â˜» Ï‰ â˜» )ã€‚ãƒ»:*:ãƒ»ã‚œâ€™",http://fema.gov,52,3.7,5
657,Babbleset,-1E02,http://wix.com,46,2.7,7
658,Realmix,"__ï¾›(,_,*)",http://bloglines.com,63,3.2,10
659,Voomm,<img src=x onerror=alert('hi') />,https://gravatar.com,87,2.6,5
660,Rhynoodle,<img src=x onerror=alert('hi') />,https://ycombinator.com,24,3.6,4
661,Innojam,éƒ¨è½æ ¼,https://ow.ly,53,0.5,8
662,Oloo,NULL,http://quantcast.com,16,3.3,8
663,Zava,â€ªâ€ªtestâ€ª,https://jalbum.net,4,0.3,10
664,Tanoodle,Ù¡Ù¢Ù£,http://gmpg.org,25,1.0,10
665,Brainbox,/dev/null; touch /tmp/blns.fail ; echo,https://yahoo.co.jp,20,2.7,1
666,Skipstorm,ğŸµ ğŸ™ˆ ğŸ™‰ ğŸ™Š,https://amazon.com,17,1.3,4
667,Quamba,â¦testâ§,https://theguardian.com,92,1.8,9
668,Reallinks,1E+02,http://amazon.com,47,3.8,3
669,Voonix,"__ï¾›(,_,*)",http://nba.com,87,0.3,3
670,LiveZ,../../../../../../../../../../../etc/hosts,https://springer.com,11,0.5,9
671,Abatz,nil,https://ow.ly,5,2.5,9
672,Edgepulse,ãƒ‘ãƒ¼ãƒ†ã‚£ãƒ¼ã¸è¡Œã‹ãªã„ã‹,http://usatoday.com,70,3.2,4
673,Jayo,âœ‹ğŸ¿ ğŸ’ªğŸ¿ ğŸ‘ğŸ¿ ğŸ™ŒğŸ¿ ğŸ‘ğŸ¿ ğŸ™ğŸ¿,https://scribd.com,85,0.1,6
674,Babbleopia,â‚€â‚â‚‚,http://simplemachines.org,57,4.7,8
675,Roomm,ZÌ®ÌÍ…Ì Í™Í”AÌ¥Ì—ÌÍˆÌ»Ì—LÌ£Í™ÍÌ¯Ì¹ÌÍ“GÌ»OÌ­Ì—Ì®,http://irs.gov,26,0.6,7
676,Mymm,ğŸµ ğŸ™ˆ ğŸ™‰ ğŸ™Š,http://nba.com,43,4.8,8
677,Edgewire,ğ œğ œ±ğ ¹ğ ±“ğ ±¸ğ ²–ğ ³,http://wikimedia.org,35,3.0,1
678,Thoughtstorm,Ì¦HÍÌ¬Ì¤Ì—Ì¤eÍœ ÍÌœÌ¥ÌÌ»ÍÌŸwÌ•hÌ–Ì¯Í“oÌÍ™Ì–ÍÌ±Ì® Ò‰ÌºÌ™ÌÌŸÍˆWÌ·Ì¼Ì­aÌºÌªÍiÌ¨ÍˆÍ•Ì­Í™Ì¯ÌœtÌ¶Ì¼Ì®sÌ•Ì˜Í™Í– Ì Ì«Ì BÌ»ÍÍ…Í™Í‰Ì³eÌµhÌµÌ¬Í‡Ì«Í™iÌ•Ì¹Í“Ì³Ì³Ì®ÍÌ«nÍŸdÌ´ÌªÌœÌ– ÍÌ°Í‰Ì©Í…Í‡Í™Ì²TÍ¢Í–Ì¼Í“ÌªhÍÍ“Ì®Ì»eÌ¬ÌÍ…ÌŸ Ì¤Ì¹ÌWÍÍ…Í™ÌÌÍ”Í‡aÍÍ“Í”Ì¹Ì¼Ì£lÌ´Í”Ì°Ì¤ÌŸÍ”lÌ­Ì«.Í•,http://google.it,93,3.2,3
679,Reallinks,ï¼‘ï¼’ï¼“,https://mapy.cz,65,0.9,8
680,Reallinks,ğŸµ ğŸ™ˆ ğŸ™‰ ğŸ™Š,https://barnesandnoble.com,95,0.1,5
681,Oyope,NIL,http://independent.co.uk,47,0.6,7
682,Feedfish,(ï½¡â—• âˆ€ â—•ï½¡),https://clickbank.net,51,3.7,7
683,Photolist,1E02,https://home.pl,4,0.8,6
684,Roombo,-1E2,http://mapquest.com,42,1.8,10
685,Eare,',http://ucla.edu,78,2.3,2
686,Skinder,null,https://sourceforge.net,33,3.3,4
687,Twimm,áš€,http://scientificamerican.com,16,2.3,8
688,Skidoo,"""",https://nature.com,7,1.1,4
689,Demizz,Â¸Ë›Ã‡â—ŠÄ±ËœÃ‚Â¯Ë˜Â¿,http://weather.com,86,4.8,4
690,Dynabox,",./;'[]\-=",https://fotki.com,82,4.5,8
691,Twinte,å’Œè£½æ¼¢èª,http://chron.com,86,2.6,6
692,Meemm,å’Œè£½æ¼¢èª,http://harvard.edu,35,0.9,8
693,Jayo,ï½€ï½¨(Â´âˆ€ï½€âˆ©,https://google.com.hk,44,0.8,1
694,Edgepulse,",ã€‚ãƒ»:*:ãƒ»ã‚œâ€™( â˜» Ï‰ â˜» )ã€‚ãƒ»:*:ãƒ»ã‚œâ€™",https://cdc.gov,34,0.2,9
695,Kanoodle,nil,https://biglobe.ne.jp,2,2.9,10
696,Quinu,Ù¡Ù¢Ù£,https://wisc.edu,69,1.2,5
697,Agivu,ğŸ‘¾ ğŸ™‡ ğŸ’ ğŸ™… ğŸ™† ğŸ™‹ ğŸ™ ğŸ™ ,https://indiegogo.com,30,2.4,4
698,Teklist,ã€€,http://merriam-webster.com,51,0.1,3
699,Eayo,Ë™Énbá´‰lÉ ÉuÆƒÉÉ¯ ÇÉ¹olop Ê‡Ç ÇÉ¹oqÉl Ê‡n Ê‡unpá´‰pá´‰É”uá´‰ É¹odÉ¯ÇÊ‡ poÉ¯sná´‰Ç op pÇs 'Ê‡á´‰lÇ Æƒuá´‰É”sá´‰dá´‰pÉ É¹nÊ‡ÇÊ‡É”ÇsuoÉ” 'Ê‡ÇÉ¯É Ê‡á´‰s É¹olop É¯nsdá´‰ É¯ÇÉ¹oË¥,http://typepad.com,8,0.6,3
700,Wordify,â¦testâ§,https://yale.edu,55,2.6,1
701,Minyx,Ë™Énbá´‰lÉ ÉuÆƒÉÉ¯ ÇÉ¹olop Ê‡Ç ÇÉ¹oqÉl Ê‡n Ê‡unpá´‰pá´‰É”uá´‰ É¹odÉ¯ÇÊ‡ poÉ¯sná´‰Ç op pÇs 'Ê‡á´‰lÇ Æƒuá´‰É”sá´‰dá´‰pÉ É¹nÊ‡ÇÊ‡É”ÇsuoÉ” 'Ê‡ÇÉ¯É Ê‡á´‰s É¹olop É¯nsdá´‰ É¯ÇÉ¹oË¥,http://paginegialle.it,60,0.3,9
702,Devpoint,-$1.00,http://hao123.com,19,1.1,2
703,Eamia,â¡,https://vkontakte.ru,76,1.6,2
704,Skyndu,ğ œğ œ±ğ ¹ğ ±“ğ ±¸ğ ²–ğ ³,http://google.com.au,36,4.3,3
705,Rhynoodle,â°â´âµâ‚€â‚â‚‚,http://google.it,69,0.7,2
706,Demivee,00Ë™Æ–$-,http://booking.com,75,3.6,4
707,Voomm,1,http://oaic.gov.au,30,1.7,2
708,Dynabox,â°â´âµâ‚€â‚â‚‚,https://usda.gov,17,0.1,2
709,Skimia,",ã€‚ãƒ»:*:ãƒ»ã‚œâ€™( â˜» Ï‰ â˜» )ã€‚ãƒ»:*:ãƒ»ã‚œâ€™",https://spiegel.de,34,0.3,10
710,Babbleblab,â€‹,http://4shared.com,55,4.3,10
711,Zoombox,ğŸ‘¾ ğŸ™‡ ğŸ’ ğŸ™… ğŸ™† ğŸ™‹ ğŸ™ ğŸ™ ,https://dropbox.com,70,2.8,2
712,Eidel,() { _; } >_[$($())] { touch /tmp/blns.shellshock2.fail; },https://cbslocal.com,84,4.9,2
713,Jayo,"__ï¾›(,_,*)",http://reuters.com,94,0.0,4
714,Zoomdog,Ã…ÃÃÃËÃ“Ã”ï£¿Ã’ÃšÃ†â˜ƒ,http://zdnet.com,91,0.1,8
715,Jayo,(ï¾‰à²¥ç›Šà²¥ï¼‰ï¾‰ï»¿ â”»â”â”»,http://a8.net,87,0.6,6
716,Yabox,â°â´âµâ‚€â‚â‚‚,https://umn.edu,60,2.3,10
717,Yabox,Ã…ÃÃÃËÃ“Ã”ï£¿Ã’ÃšÃ†â˜ƒ,http://360.cn,68,2.2,6
718,Skinder,ï¾Ÿï½¥âœ¿ãƒ¾â•²(ï½¡â—•â€¿â—•ï½¡)â•±âœ¿ï½¥ï¾Ÿ,https://ezinearticles.com,75,4.4,6
719,Camido,$1.00,https://hatena.ne.jp,93,4.7,6
720,Feedmix,×”Ö¸×™Ö°×ªÖ¸×”testØ§Ù„ØµÙØ­Ø§Øª Ø§Ù„ØªÙ‘Ø­ÙˆÙ„,http://vk.com,7,0.6,8
721,Katz,1;DROP TABLE users,https://webmd.com,40,1.8,6
722,Tagcat,1E2,http://arizona.edu,16,3.0,6
723,Dazzlesphere,-1E2,https://zdnet.com,7,0.0,7
724,BlogXS,"<>?:""{}|_+",https://auda.org.au,78,2.3,9
725,Eimbee,-1.00,http://usatoday.com,1,3.3,10
726,Demivee,1,http://shop-pro.jp,58,1.4,1
727,Buzzshare,Å“âˆ‘Â´Â®â€ Â¥Â¨Ë†Ã¸Ï€â€œâ€˜,https://elpais.com,46,0.4,3
728,Jaloo,ï»¿,http://blogs.com,9,4.2,6
729,Skiba,',https://pbs.org,75,1.5,9
730,Twinte,ã€€,http://mit.edu,31,3.5,1
731,Meetz,â‚€â‚â‚‚,https://arstechnica.com,86,0.9,3
732,Katz,"Ø«Ù… Ù†ÙØ³ Ø³Ù‚Ø·Øª ÙˆØ¨Ø§Ù„ØªØ­Ø¯ÙŠØ¯ØŒ, Ø¬Ø²ÙŠØ±ØªÙŠ Ø¨Ø§Ø³ØªØ®Ø¯Ø§Ù… Ø£Ù† Ø¯Ù†Ùˆ. Ø¥Ø° Ù‡Ù†Ø§ØŸ Ø§Ù„Ø³ØªØ§Ø± ÙˆØªÙ†ØµÙŠØ¨ ÙƒØ§Ù†. Ø£Ù‡Ù‘Ù„ Ø§ÙŠØ·Ø§Ù„ÙŠØ§ØŒ Ø¨Ø±ÙŠØ·Ø§Ù†ÙŠØ§-ÙØ±Ù†Ø³Ø§ Ù‚Ø¯ Ø£Ø®Ø°. Ø³Ù„ÙŠÙ…Ø§Ù†ØŒ Ø¥ØªÙØ§Ù‚ÙŠØ© Ø¨ÙŠÙ† Ù…Ø§, ÙŠØ°ÙƒØ± Ø§Ù„Ø­Ø¯ÙˆØ¯ Ø£ÙŠ Ø¨Ø¹Ø¯, Ù…Ø¹Ø§Ù…Ù„Ø© Ø¨ÙˆÙ„Ù†Ø¯Ø§ØŒ Ø§Ù„Ø¥Ø·Ù„Ø§Ù‚ Ø¹Ù„ Ø¥ÙŠÙˆ.",http://com.com,53,2.5,6
733,Skinte,"__ï¾›(,_,*)",https://thetimes.co.uk,45,2.9,10
734,Talane,ğ œğ œ±ğ ¹ğ ±“ğ ±¸ğ ²–ğ ³,http://yahoo.com,35,0.0,5
735,Kaymbo,(ï½¡â—• âˆ€ â—•ï½¡),http://dion.ne.jp,91,0.9,5
736,Feedbug,ğŸš¾ ğŸ†’ ğŸ†“ ğŸ†• ğŸ†– ğŸ†— ğŸ†™ ğŸ§,http://huffingtonpost.com,91,2.5,1
737,Quatz,-1E2,http://plala.or.jp,77,4.9,9
738,Pixope,../../../../../../../../../../../etc/passwd%00,http://nps.gov,31,0.8,10
739,Youopia,ğ œğ œ±ğ ¹ğ ±“ğ ±¸ğ ²–ğ ³,https://dell.com,19,1.7,7
740,Devshare,ğŸµ ğŸ™ˆ ğŸ™‰ ğŸ™Š,http://github.com,37,4.6,5
741,Cogibox,1/0,http://prlog.org,32,1.7,4
742,Zoomzone,"""'""'""''''""",https://elegantthemes.com,12,2.8,1
743,Livefish,() { 0; }; touch /tmp/blns.shellshock1.fail;,http://gnu.org,86,2.6,2
744,Vinder,ï¼‘ï¼’ï¼“,https://nyu.edu,26,3.1,3
745,Devcast,Â¸Ë›Ã‡â—ŠÄ±ËœÃ‚Â¯Ë˜Â¿,http://ca.gov,53,2.8,4
746,Topicstorm,-1E+02,https://ftc.gov,86,3.5,7
747,Snaptags,1;DROP TABLE users,https://abc.net.au,64,0.6,10
748,Twitternation,999999999999999999999999999999999999999999999999999999999999999999999999999999999999999999999999,https://huffingtonpost.com,49,3.4,2
749,Vinder,Ã…ÃÃÃËÃ“Ã”ï£¿Ã’ÃšÃ†â˜ƒ,https://blog.com,2,0.3,7
750,Vidoo,Ì¡Í“Í…ÌIÍÌ—Ì˜Ì¦nÍ‡Í‡Í™vÌ®Ì«okÌ²Ì«Ì™ÍˆiÌ–Í™Ì­Ì¹Ì ÌnÌ¡Ì»Ì®Ì£ÌºgÌ²ÍˆÍ™Ì­Í™Ì¬Í Ì°tÍ”Ì¦hÌÌ²eÌ¢Ì¤ ÍÌ¬Ì²Í–fÌ´Ì˜Í•Ì£eÍ€Í–eÌ£Ì¥Ì©lÍ–Í”ÍšiÍ Í“ÍšÌ¦nÍ–ÍÌ—Í“Ì³Ì®gÍ Ì¨oÍ¡ÍšÌªfÌ˜Ì£Ì¬ Ì–Ì˜Í–ÌŸÍ™Ì®cÒ‰Í”Ì«Í–Í“Í‡Í–Í…hÌµÌ¤Ì£ÍšÍ”aÍÌ—Ì¼Í…Í•oÌ¼Ì£Ì¥sÍ¢Ì±ÍˆÌºÌ–Ì¦Ì».Ì›Ì–ÌÌ Ì«Ì°,https://dell.com,49,1.2,6
751,Kamba,1/2,https://liveinternet.ru,19,4.6,9
752,Nlounge,å’Œè£½æ¼¢èª,http://purevolume.com,20,1.0,1
753,Zoomcast,1E2,https://cargocollective.com,4,4.2,4
754,Jabbersphere,Â¸Ë›Ã‡â—ŠÄ±ËœÃ‚Â¯Ë˜Â¿,http://globo.com,24,1.1,2
755,Photobug,ğŸ˜,https://tamu.edu,65,2.2,5
756,Ozu,ãƒ‘ãƒ¼ãƒ†ã‚£ãƒ¼ã¸è¡Œã‹ãªã„ã‹,https://google.pl,56,3.8,2
757,Kwilith,-1E2,http://constantcontact.com,51,2.4,8
758,Oyondu,ìš¸ë€ë°”í† ë¥´,http://edublogs.org,79,2.4,9
759,Blogpad,999999999999999999999999999999999999999999999999999999999999999999999999999999999999999999999999,https://webs.com,26,0.6,3
760,Latz,Ë™Énbá´‰lÉ ÉuÆƒÉÉ¯ ÇÉ¹olop Ê‡Ç ÇÉ¹oqÉl Ê‡n Ê‡unpá´‰pá´‰É”uá´‰ É¹odÉ¯ÇÊ‡ poÉ¯sná´‰Ç op pÇs 'Ê‡á´‰lÇ Æƒuá´‰É”sá´‰dá´‰pÉ É¹nÊ‡ÇÊ‡É”ÇsuoÉ” 'Ê‡ÇÉ¯É Ê‡á´‰s É¹olop É¯nsdá´‰ É¯ÇÉ¹oË¥,https://yelp.com,14,0.9,2
761,Flipstorm,"""",https://auda.org.au,16,0.4,10
762,Centimia,!@#$%^&*(),http://yahoo.co.jp,9,3.6,6
763,Yodo,../../../../../../../../../../../etc/passwd%00,http://devhub.com,8,0.7,10
764,Agivu,ğŸš¾ ğŸ†’ ğŸ†“ ğŸ†• ğŸ†– ğŸ†— ğŸ†™ ğŸ§,https://miitbeian.gov.cn,72,4.1,10
765,Flipopia,(ï¾‰à²¥ç›Šà²¥ï¼‰ï¾‰ï»¿ â”»â”â”»,http://shutterfly.com,82,2.3,7
766,Youspan,1/2,https://imageshack.us,47,0.2,8
767,Wikivu,(ï¾‰à²¥ç›Šà²¥ï¼‰ï¾‰ï»¿ â”»â”â”»,https://wikipedia.org,79,3.5,10
768,Rhybox,ï¾Ÿï½¥âœ¿ãƒ¾â•²(ï½¡â—•â€¿â—•ï½¡)â•±âœ¿ï½¥ï¾Ÿ,http://webmd.com,96,1.6,8
769,Agimba,×”Ö¸×™Ö°×ªÖ¸×”testØ§Ù„ØµÙØ­Ø§Øª Ø§Ù„ØªÙ‘Ø­ÙˆÙ„,http://disqus.com,25,0.3,6
770,Thoughtbridge,Â¸Ë›Ã‡â—ŠÄ±ËœÃ‚Â¯Ë˜Â¿,https://whitehouse.gov,26,1.9,6
771,Kamba,0/0,https://msu.edu,28,2.7,5
772,Edgetag,Ì—ÌºÍ–Ì¹Ì¯Í“TÌ±Ì¤ÍÌ¥Í‡ÍˆhÍÌ²eÍÍ“Ì¼Ì—Ì™Ì¼Ì£Í” Í‡ÌœÌ±Ì Í“ÍÍ…NÍ Í•eÌ—Ì±zÌ˜ÌÌœÌºÍ™pÌ¤ÌºÌ¹ÍÌ¯ÍšeÍœÌ Ì»Ì rÌ¨Ì¤ÍÌºÌ–Í”Ì–Ì–dÍŸÌ ÌŸÌ­Ì¬ÌiÌ¦Í–Ì©Í“Í”Ì¤aÌ Ì—Ì¬Í‰Ì™nÍœÍš Ì»ÌÌ°ÍšÍ…hÌµÍ‰iÌ³ÌvÌ¢Í‡eÍŸÌ­Í-Ò‰Ì­Ì©Ì¼Í”mÌ¤Ì­Ì«iÍ•Í‡ÌÌ¦nÌ—Í™dÌ£ÌŸ ÍÌ¯Ì²Í•oÌ¨ÌŸÌ¯Ì°Ì²Í™Ì»Ìf Í˜ÌªÌ°Ì°Ì—Ì–Ì­Ì˜cÌ¦ÍÌ²ÌÍÌ©Ì™hÌ£ÍšaÍœÌ®ÍÌŸÌ™oÌ›Ì©Ì¹ÍsÌ¤.ÌÌ Ò‰ZÌ¡Ì–ÌœÍ–Ì°Ì£Í‰ÌœaÍ¡Í–Ì°Í™Ì¬lÌ²Ì«Ì³ÍÌ©gÌ¡ÌŸÌ¼Ì±ÍšÌÌ¬Í…oÍœÌ—.ÌŸ,http://nih.gov,7,2.5,1
773,Trudoo,ï¾Ÿï½¥âœ¿ãƒ¾â•²(ï½¡â—•â€¿â—•ï½¡)â•±âœ¿ï½¥ï¾Ÿ,http://google.cn,43,4.9,3
774,Youopia,á ,https://blog.com,77,1.2,5
775,JumpXS,"""",http://yahoo.co.jp,82,2.9,10
776,Kare,ğŸš¾ ğŸ†’ ğŸ†“ ğŸ†• ğŸ†– ğŸ†— ğŸ†™ ğŸ§,http://studiopress.com,28,1.8,6
777,Izio,ãƒ½à¼¼àºˆÙ„Íœàºˆà¼½ï¾‰ ãƒ½à¼¼àºˆÙ„Íœàºˆà¼½ï¾‰ ,https://google.pl,90,4.9,4
778,Skinte,ğŸ˜,http://rediff.com,57,1.2,5
779,Innotype,Â¡â„¢Â£Â¢âˆÂ§Â¶â€¢ÂªÂºâ€“â‰ ,http://a8.net,27,1.7,4
780,Yacero,1,http://mediafire.com,56,5.0,9
781,Eayo,ZÌ®ÌÍ…Ì Í™Í”AÌ¥Ì—ÌÍˆÌ»Ì—LÌ£Í™ÍÌ¯Ì¹ÌÍ“GÌ»OÌ­Ì—Ì®,http://list-manage.com,24,3.4,4
782,Babbleblab,() { _; } >_[$($())] { touch /tmp/blns.shellshock2.fail; },http://whitehouse.gov,17,2.1,7
783,Twinder,â£,https://salon.com,49,0.3,6
784,Ntag,á ,https://de.vu,31,3.8,4
785,Oba,â€ªâ€ªtestâ€ª,https://de.vu,54,0.6,6
786,Rhybox,(ï½¡â—• âˆ€ â—•ï½¡),https://vimeo.com,95,4.6,3
787,Dynava,â€©testâ€©,http://bigcartel.com,19,0.8,1
788,Abata,ğŸ‘©ğŸ½,http://chronoengine.com,75,3.2,7
789,Dynazzy,<img src=x onerror=alert('hi') />,https://paypal.com,46,3.6,3
790,Oodoo,-1.00,http://nyu.edu,20,0.2,5
791,Vidoo,"""''''""'""",https://loc.gov,46,0.2,1
792,Linklinks,Ì¦HÍÌ¬Ì¤Ì—Ì¤eÍœ ÍÌœÌ¥ÌÌ»ÍÌŸwÌ•hÌ–Ì¯Í“oÌÍ™Ì–ÍÌ±Ì® Ò‰ÌºÌ™ÌÌŸÍˆWÌ·Ì¼Ì­aÌºÌªÍiÌ¨ÍˆÍ•Ì­Í™Ì¯ÌœtÌ¶Ì¼Ì®sÌ•Ì˜Í™Í– Ì Ì«Ì BÌ»ÍÍ…Í™Í‰Ì³eÌµhÌµÌ¬Í‡Ì«Í™iÌ•Ì¹Í“Ì³Ì³Ì®ÍÌ«nÍŸdÌ´ÌªÌœÌ– ÍÌ°Í‰Ì©Í…Í‡Í™Ì²TÍ¢Í–Ì¼Í“ÌªhÍÍ“Ì®Ì»eÌ¬ÌÍ…ÌŸ Ì¤Ì¹ÌWÍÍ…Í™ÌÌÍ”Í‡aÍÍ“Í”Ì¹Ì¼Ì£lÌ´Í”Ì°Ì¤ÌŸÍ”lÌ­Ì«.Í•,https://amazon.co.jp,42,0.9,4
793,Eare,1E2,https://cocolog-nifty.com,86,4.1,8
794,Wikizz,1/2,http://sfgate.com,46,3.3,9
795,Skajo,Ì¦HÍÌ¬Ì¤Ì—Ì¤eÍœ ÍÌœÌ¥ÌÌ»ÍÌŸwÌ•hÌ–Ì¯Í“oÌÍ™Ì–ÍÌ±Ì® Ò‰ÌºÌ™ÌÌŸÍˆWÌ·Ì¼Ì­aÌºÌªÍiÌ¨ÍˆÍ•Ì­Í™Ì¯ÌœtÌ¶Ì¼Ì®sÌ•Ì˜Í™Í– Ì Ì«Ì BÌ»ÍÍ…Í™Í‰Ì³eÌµhÌµÌ¬Í‡Ì«Í™iÌ•Ì¹Í“Ì³Ì³Ì®ÍÌ«nÍŸdÌ´ÌªÌœÌ– ÍÌ°Í‰Ì©Í…Í‡Í™Ì²TÍ¢Í–Ì¼Í“ÌªhÍÍ“Ì®Ì»eÌ¬ÌÍ…ÌŸ Ì¤Ì¹ÌWÍÍ…Í™ÌÌÍ”Í‡aÍÍ“Í”Ì¹Ì¼Ì£lÌ´Í”Ì°Ì¤ÌŸÍ”lÌ­Ì«.Í•,http://mail.ru,97,4.2,6
796,Realfire,../../../../../../../../../../../etc/passwd%00,https://deliciousdays.com,58,1.1,7
797,Tekfly,",./;'[]\-=",https://theguardian.com,95,4.8,10
798,Babbleblab,â¡,https://oakley.com,75,0.2,3
799,Vipe,1/2,http://umn.edu,38,4.6,10
800,DabZ,â¢,http://nba.com,61,4.5,8
801,Centimia,() { 0; }; touch /tmp/blns.shellshock1.fail;,http://netscape.com,28,4.7,7
802,Rooxo,../../../../../../../../../../../etc/passwd%00,http://ustream.tv,70,3.9,10
803,Edgeify,ìš¸ë€ë°”í† ë¥´,https://exblog.jp,18,1.0,2
804,Buzzbean,-1E+02,http://wp.com,19,1.1,3
805,Meembee,á ,https://nydailynews.com,78,2.5,2
806,Brightbean,Î©â‰ˆÃ§âˆšâˆ«ËœÂµâ‰¤â‰¥Ã·,https://fema.gov,24,2.5,10
807,Thoughtmix,1/0,https://umich.edu,95,0.1,3
808,Mydo,â¢,https://blog.com,79,4.9,3
809,Skinix,ï½€ï½¨(Â´âˆ€ï½€âˆ©,https://skype.com,50,1.3,3
810,Gabtune,1E02,https://marriott.com,41,1.4,8
811,Rhycero,â°â´âµâ‚€â‚â‚‚,http://netlog.com,5,0.8,8
812,Oyoba,âœ‹ğŸ¿ ğŸ’ªğŸ¿ ğŸ‘ğŸ¿ ğŸ™ŒğŸ¿ ğŸ‘ğŸ¿ ğŸ™ğŸ¿,http://umich.edu,88,2.1,9
813,Tagchat,,https://mac.com,42,0.9,7
814,Realcube,999999999999999999999999999999999999999999999999999999999999999999999999999999999999999999999999,https://xing.com,88,4.7,1
815,Oyope,-1E2,https://instagram.com,12,1.4,7
816,Gevee,"__ï¾›(,_,*)",http://yelp.com,25,3.1,7
817,Miboo,(â•¯Â°â–¡Â°ï¼‰â•¯ï¸µ â”»â”â”»)  ,http://google.ca,68,3.3,2
818,Avamm,,http://newyorker.com,37,3.8,1
819,Vimbo,$1.00,http://ihg.com,15,2.5,2
820,Thoughtmix,ãƒ»(ï¿£âˆ€ï¿£)ãƒ»:*:,https://dyndns.org,86,0.2,9
821,Einti,"""'""'""''''""",https://sogou.com,32,2.5,9
822,Tazz,"""'""'""''''""",https://examiner.com,59,0.9,2
823,Mynte,"""''''""'""",http://nature.com,2,4.2,2
824,Mycat,0ï¸âƒ£ 1ï¸âƒ£ 2ï¸âƒ£ 3ï¸âƒ£ 4ï¸âƒ£ 5ï¸âƒ£ 6ï¸âƒ£ 7ï¸âƒ£ 8ï¸âƒ£ 9ï¸âƒ£ ğŸ”Ÿ,https://hp.com,54,1.3,6
825,Mynte,-1E2,http://bravesites.com,18,1.4,5
826,Devcast,ZÌ®ÌÍ…Ì Í™Í”AÌ¥Ì—ÌÍˆÌ»Ì—LÌ£Í™ÍÌ¯Ì¹ÌÍ“GÌ»OÌ­Ì—Ì®,http://netvibes.com,92,4.2,2
827,Buzzdog,ğŸš¾ ğŸ†’ ğŸ†“ ğŸ†• ğŸ†– ğŸ†— ğŸ†™ ğŸ§,http://bravesites.com,73,4.2,6
828,Gabtune,ğŸ‘¾ ğŸ™‡ ğŸ’ ğŸ™… ğŸ™† ğŸ™‹ ğŸ™ ğŸ™ ,https://tumblr.com,40,0.4,8
829,Kazio,â€ªâ€ªtestâ€ª,https://addtoany.com,85,3.4,5
830,Ozu,../../../../../../../../../../../etc/hosts,http://homestead.com,37,1.3,3
831,Livetube,×”Ö¸×™Ö°×ªÖ¸×”testØ§Ù„ØµÙØ­Ø§Øª Ø§Ù„ØªÙ‘Ø­ÙˆÙ„,http://bravesites.com,61,3.8,8
832,Meezzy,../../../../../../../../../../../etc/hosts,http://jimdo.com,92,2.0,6
833,Flipbug,â¦testâ§,http://devhub.com,32,4.1,4
834,Twitternation,Ì¦HÍÌ¬Ì¤Ì—Ì¤eÍœ ÍÌœÌ¥ÌÌ»ÍÌŸwÌ•hÌ–Ì¯Í“oÌÍ™Ì–ÍÌ±Ì® Ò‰ÌºÌ™ÌÌŸÍˆWÌ·Ì¼Ì­aÌºÌªÍiÌ¨ÍˆÍ•Ì­Í™Ì¯ÌœtÌ¶Ì¼Ì®sÌ•Ì˜Í™Í– Ì Ì«Ì BÌ»ÍÍ…Í™Í‰Ì³eÌµhÌµÌ¬Í‡Ì«Í™iÌ•Ì¹Í“Ì³Ì³Ì®ÍÌ«nÍŸdÌ´ÌªÌœÌ– ÍÌ°Í‰Ì©Í…Í‡Í™Ì²TÍ¢Í–Ì¼Í“ÌªhÍÍ“Ì®Ì»eÌ¬ÌÍ…ÌŸ Ì¤Ì¹ÌWÍÍ…Í™ÌÌÍ”Í‡aÍÍ“Í”Ì¹Ì¼Ì£lÌ´Í”Ì°Ì¤ÌŸÍ”lÌ­Ì«.Í•,http://deviantart.com,69,2.7,8
835,Kwilith,<img src=x onerror=alert('hi') />,http://sphinn.com,46,2.7,6
836,Skaboo,ğ œğ œ±ğ ¹ğ ±“ğ ±¸ğ ²–ğ ³,https://livejournal.com,95,4.6,3
837,Meemm,â¦testâ§,https://diigo.com,72,0.3,10
838,Gigashots,(â•¯Â°â–¡Â°ï¼‰â•¯ï¸µ â”»â”â”»)  ,http://theatlantic.com,90,0.1,7
839,Oloo,Ì—ÌºÍ–Ì¹Ì¯Í“TÌ±Ì¤ÍÌ¥Í‡ÍˆhÍÌ²eÍÍ“Ì¼Ì—Ì™Ì¼Ì£Í” Í‡ÌœÌ±Ì Í“ÍÍ…NÍ Í•eÌ—Ì±zÌ˜ÌÌœÌºÍ™pÌ¤ÌºÌ¹ÍÌ¯ÍšeÍœÌ Ì»Ì rÌ¨Ì¤ÍÌºÌ–Í”Ì–Ì–dÍŸÌ ÌŸÌ­Ì¬ÌiÌ¦Í–Ì©Í“Í”Ì¤aÌ Ì—Ì¬Í‰Ì™nÍœÍš Ì»ÌÌ°ÍšÍ…hÌµÍ‰iÌ³ÌvÌ¢Í‡eÍŸÌ­Í-Ò‰Ì­Ì©Ì¼Í”mÌ¤Ì­Ì«iÍ•Í‡ÌÌ¦nÌ—Í™dÌ£ÌŸ ÍÌ¯Ì²Í•oÌ¨ÌŸÌ¯Ì°Ì²Í™Ì»Ìf Í˜ÌªÌ°Ì°Ì—Ì–Ì­Ì˜cÌ¦ÍÌ²ÌÍÌ©Ì™hÌ£ÍšaÍœÌ®ÍÌŸÌ™oÌ›Ì©Ì¹ÍsÌ¤.ÌÌ Ò‰ZÌ¡Ì–ÌœÍ–Ì°Ì£Í‰ÌœaÍ¡Í–Ì°Í™Ì¬lÌ²Ì«Ì³ÍÌ©gÌ¡ÌŸÌ¼Ì±ÍšÌÌ¬Í…oÍœÌ—.ÌŸ,http://buzzfeed.com,3,1.3,3
840,Ntag,ãƒ‘ãƒ¼ãƒ†ã‚£ãƒ¼ã¸è¡Œã‹ãªã„ã‹,http://plala.or.jp,85,0.5,4
841,Thoughtworks,"__ï¾›(,_,*)",https://slashdot.org,24,4.4,2
842,Yodoo,Ì¡Í“Í…ÌIÍÌ—Ì˜Ì¦nÍ‡Í‡Í™vÌ®Ì«okÌ²Ì«Ì™ÍˆiÌ–Í™Ì­Ì¹Ì ÌnÌ¡Ì»Ì®Ì£ÌºgÌ²ÍˆÍ™Ì­Í™Ì¬Í Ì°tÍ”Ì¦hÌÌ²eÌ¢Ì¤ ÍÌ¬Ì²Í–fÌ´Ì˜Í•Ì£eÍ€Í–eÌ£Ì¥Ì©lÍ–Í”ÍšiÍ Í“ÍšÌ¦nÍ–ÍÌ—Í“Ì³Ì®gÍ Ì¨oÍ¡ÍšÌªfÌ˜Ì£Ì¬ Ì–Ì˜Í–ÌŸÍ™Ì®cÒ‰Í”Ì«Í–Í“Í‡Í–Í…hÌµÌ¤Ì£ÍšÍ”aÍÌ—Ì¼Í…Í•oÌ¼Ì£Ì¥sÍ¢Ì±ÍˆÌºÌ–Ì¦Ì».Ì›Ì–ÌÌ Ì«Ì°,http://free.fr,89,3.1,3
843,Tagfeed,testâ testâ€«,https://msn.com,91,2.6,8
844,Feedbug,1E+02,https://techcrunch.com,33,4.5,7
845,Tambee,Â¸Ë›Ã‡â—ŠÄ±ËœÃ‚Â¯Ë˜Â¿,http://rediff.com,89,3.0,2
846,Livefish,ğŸš¾ ğŸ†’ ğŸ†“ ğŸ†• ğŸ†– ğŸ†— ğŸ†™ ğŸ§,https://paypal.com,31,1.2,5
847,Quatz,×”Ö¸×™Ö°×ªÖ¸×”testØ§Ù„ØµÙØ­Ø§Øª Ø§Ù„ØªÙ‘Ø­ÙˆÙ„,http://microsoft.com,38,1.1,4
848,Skyvu,"""""",http://bbb.org,14,0.8,1
849,Eayo,Â¡â„¢Â£Â¢âˆÂ§Â¶â€¢ÂªÂºâ€“â‰ ,http://biblegateway.com,31,1.2,8
850,Ntags,âœ‹ğŸ¿ ğŸ’ªğŸ¿ ğŸ‘ğŸ¿ ğŸ™ŒğŸ¿ ğŸ‘ğŸ¿ ğŸ™ğŸ¿,http://gnu.org,63,0.5,7
851,Topiczoom,1/2,http://plala.or.jp,37,0.7,3
852,Mynte,âœ‹ğŸ¿ ğŸ’ªğŸ¿ ğŸ‘ğŸ¿ ğŸ™ŒğŸ¿ ğŸ‘ğŸ¿ ğŸ™ğŸ¿,https://hhs.gov,20,2.0,6
853,Fivespan,Ã¥ÃŸâˆ‚Æ’Â©Ë™âˆ†ËšÂ¬â€¦Ã¦,http://google.it,89,5.0,2
854,Teklist,,https://miitbeian.gov.cn,53,2.4,1
855,Quamba,"__ï¾›(,_,*)",https://4shared.com,100,3.4,1
856,Cogilith,å’Œè£½æ¼¢èª,https://diigo.com,30,2.4,8
857,Twitterwire,<script>alert('hi')</script>,http://unesco.org,60,2.2,5
858,Trunyx,-1.00,http://tinyurl.com,55,0.4,10
859,Digitube,ç¤¾æœƒç§‘å­¸é™¢èªå­¸ç ”ç©¶æ‰€,http://cargocollective.com,43,0.2,6
860,Browsecat,áš€,http://europa.eu,22,2.8,3
861,Kimia,TÌ•Ì­ÌºÌºoÍ Ì·iÌ²Ì¬Í‡ÌªÍ™nÌÌ—Í•vÍŸÌŸÌœÌ˜Ì¦oÌ¶Ì™Ì°Ì keÍ€ÍšÌ®ÌºÌªÌ¹Ì±Ì¤ Ì–tÍÌÍ•Ì³Ì£Ì»ÌªhÌ¼Í“Ì²Ì¦Ì³Ì˜Ì²eÍ‡Ì£Ì°Ì¦Ì¬Í Ì¢Ì¼Ì»Ì±Ì˜hÍ…ÍšÍÍ™ÌœÌ£Ì²iÌ¦Ì²Ì£Ì°Ì¤vÌ»ÍeÌºÌ­Ì³ÌªÌ°-mÌ¢iÍ…nÌ–ÌºÌÌ²Ì¯Ì°dÌµÌ¼ÌŸÍ™Ì©Ì¼Ì˜Ì³ ÌÌ¥Ì±Ì³Ì­rÌ›Ì—Ì˜eÍ™pÍ rÌ¼ÌÌ»Ì­Ì—eÍŸÌºÌ Ì£sÌ˜Í‡Ì³ÍÌÍ‰eÍœÍ‰Ì¥Ì¯ÌÌ²ÍšÌ¬nÍ€Ì¬ÍÍÌŸÌ–Í‡Ì¤tÍ˜ÍÌ¬Í…Ì¤Í“Ì¼Ì­iÌªÌ±nÍ gÌ´Í‰ ÍÍ‰Í…cÌ¬ÌŸhÍ¡aÍ˜Ì«Ì»Ì¯oÌ«ÌŸÌ–ÍÌ™ÌÍ‰sÌ—Ì¦Ì².Ì¨Ì¹ÍˆÌ£,https://studiopress.com,39,0.7,7
862,Kimia,NULL,http://who.int,74,3.9,9
863,Fatz,áš€,https://rediff.com,31,2.2,4
864,Jamia,Ì¦HÍÌ¬Ì¤Ì—Ì¤eÍœ ÍÌœÌ¥ÌÌ»ÍÌŸwÌ•hÌ–Ì¯Í“oÌÍ™Ì–ÍÌ±Ì® Ò‰ÌºÌ™ÌÌŸÍˆWÌ·Ì¼Ì­aÌºÌªÍiÌ¨ÍˆÍ•Ì­Í™Ì¯ÌœtÌ¶Ì¼Ì®sÌ•Ì˜Í™Í– Ì Ì«Ì BÌ»ÍÍ…Í™Í‰Ì³eÌµhÌµÌ¬Í‡Ì«Í™iÌ•Ì¹Í“Ì³Ì³Ì®ÍÌ«nÍŸdÌ´ÌªÌœÌ– ÍÌ°Í‰Ì©Í…Í‡Í™Ì²TÍ¢Í–Ì¼Í“ÌªhÍÍ“Ì®Ì»eÌ¬ÌÍ…ÌŸ Ì¤Ì¹ÌWÍÍ…Í™ÌÌÍ”Í‡aÍÍ“Í”Ì¹Ì¼Ì£lÌ´Í”Ì°Ì¤ÌŸÍ”lÌ­Ì«.Í•,https://statcounter.com,70,4.9,7
865,Skinix,ãƒ»(ï¿£âˆ€ï¿£)ãƒ»:*:,https://booking.com,41,1.2,6
866,Flipstorm,ï¼‘ï¼’ï¼“,http://cbc.ca,68,3.2,7
867,Wikido,<svg><script>0<1>alert('XSS')</script>,http://youtube.com,49,0.8,6
868,Livepath,ğŸš¾ ğŸ†’ ğŸ†“ ğŸ†• ğŸ†– ğŸ†— ğŸ†™ ğŸ§,http://example.com,39,0.7,10
869,Livefish,"Ø«Ù… Ù†ÙØ³ Ø³Ù‚Ø·Øª ÙˆØ¨Ø§Ù„ØªØ­Ø¯ÙŠØ¯ØŒ, Ø¬Ø²ÙŠØ±ØªÙŠ Ø¨Ø§Ø³ØªØ®Ø¯Ø§Ù… Ø£Ù† Ø¯Ù†Ùˆ. Ø¥Ø° Ù‡Ù†Ø§ØŸ Ø§Ù„Ø³ØªØ§Ø± ÙˆØªÙ†ØµÙŠØ¨ ÙƒØ§Ù†. Ø£Ù‡Ù‘Ù„ Ø§ÙŠØ·Ø§Ù„ÙŠØ§ØŒ Ø¨Ø±ÙŠØ·Ø§Ù†ÙŠØ§-ÙØ±Ù†Ø³Ø§ Ù‚Ø¯ Ø£Ø®Ø°. Ø³Ù„ÙŠÙ…Ø§Ù†ØŒ Ø¥ØªÙØ§Ù‚ÙŠØ© Ø¨ÙŠÙ† Ù…Ø§, ÙŠØ°ÙƒØ± Ø§Ù„Ø­Ø¯ÙˆØ¯ Ø£ÙŠ Ø¨Ø¹Ø¯, Ù…Ø¹Ø§Ù…Ù„Ø© Ø¨ÙˆÙ„Ù†Ø¯Ø§ØŒ Ø§Ù„Ø¥Ø·Ù„Ø§Ù‚ Ø¹Ù„ Ø¥ÙŠÙˆ.",http://sitemeter.com,10,2.5,5
870,Photobug,å’Œè£½æ¼¢èª,https://alibaba.com,33,5.0,6
871,Layo,ï¾Ÿï½¥âœ¿ãƒ¾â•²(ï½¡â—•â€¿â—•ï½¡)â•±âœ¿ï½¥ï¾Ÿ,http://github.io,7,1.2,9
872,Skajo,ğŸ˜,http://si.edu,8,0.5,4
873,Pixope,"<>?:""{}|_+",http://rediff.com,14,3.0,6
874,Tagcat,",ã€‚ãƒ»:*:ãƒ»ã‚œâ€™( â˜» Ï‰ â˜» )ã€‚ãƒ»:*:ãƒ»ã‚œâ€™",https://unesco.org,26,3.7,8
875,Dabjam,'',https://apple.com,80,2.5,3
876,Twinder,Ë™Énbá´‰lÉ ÉuÆƒÉÉ¯ ÇÉ¹olop Ê‡Ç ÇÉ¹oqÉl Ê‡n Ê‡unpá´‰pá´‰É”uá´‰ É¹odÉ¯ÇÊ‡ poÉ¯sná´‰Ç op pÇs 'Ê‡á´‰lÇ Æƒuá´‰É”sá´‰dá´‰pÉ É¹nÊ‡ÇÊ‡É”ÇsuoÉ” 'Ê‡ÇÉ¯É Ê‡á´‰s É¹olop É¯nsdá´‰ É¯ÇÉ¹oË¥,http://instagram.com,10,1.1,6
877,Youbridge,"<>?:""{}|_+",https://salon.com,57,0.8,1
878,Devify,éƒ¨è½æ ¼,http://clickbank.net,98,3.9,10
879,Skibox,ãƒ»(ï¿£âˆ€ï¿£)ãƒ»:*:,https://shareasale.com,76,4.8,10
880,Viva,TÌ•Ì­ÌºÌºoÍ Ì·iÌ²Ì¬Í‡ÌªÍ™nÌÌ—Í•vÍŸÌŸÌœÌ˜Ì¦oÌ¶Ì™Ì°Ì keÍ€ÍšÌ®ÌºÌªÌ¹Ì±Ì¤ Ì–tÍÌÍ•Ì³Ì£Ì»ÌªhÌ¼Í“Ì²Ì¦Ì³Ì˜Ì²eÍ‡Ì£Ì°Ì¦Ì¬Í Ì¢Ì¼Ì»Ì±Ì˜hÍ…ÍšÍÍ™ÌœÌ£Ì²iÌ¦Ì²Ì£Ì°Ì¤vÌ»ÍeÌºÌ­Ì³ÌªÌ°-mÌ¢iÍ…nÌ–ÌºÌÌ²Ì¯Ì°dÌµÌ¼ÌŸÍ™Ì©Ì¼Ì˜Ì³ ÌÌ¥Ì±Ì³Ì­rÌ›Ì—Ì˜eÍ™pÍ rÌ¼ÌÌ»Ì­Ì—eÍŸÌºÌ Ì£sÌ˜Í‡Ì³ÍÌÍ‰eÍœÍ‰Ì¥Ì¯ÌÌ²ÍšÌ¬nÍ€Ì¬ÍÍÌŸÌ–Í‡Ì¤tÍ˜ÍÌ¬Í…Ì¤Í“Ì¼Ì­iÌªÌ±nÍ gÌ´Í‰ ÍÍ‰Í…cÌ¬ÌŸhÍ¡aÍ˜Ì«Ì»Ì¯oÌ«ÌŸÌ–ÍÌ™ÌÍ‰sÌ—Ì¦Ì².Ì¨Ì¹ÍˆÌ£,https://tmall.com,27,0.4,6
881,Meevee,0ï¸âƒ£ 1ï¸âƒ£ 2ï¸âƒ£ 3ï¸âƒ£ 4ï¸âƒ£ 5ï¸âƒ£ 6ï¸âƒ£ 7ï¸âƒ£ 8ï¸âƒ£ 9ï¸âƒ£ ğŸ”Ÿ,http://auda.org.au,37,2.4,1
882,Edgeclub,å’Œè£½æ¼¢èª,https://ovh.net,82,2.6,8
883,Fivechat,ï»¿,https://businessinsider.com,39,3.4,10
884,Flipbug,ï»¿,https://japanpost.jp,99,0.2,5
885,Ooba,Å’â€Â´â€°Ë‡ÃÂ¨Ë†Ã˜âˆâ€â€™,https://comcast.net,8,3.9,6
886,Wordware,ã€€,https://xing.com,37,4.8,9
887,Fanoodle,<svg><script>0<1>alert('XSS')</script>,https://domainmarket.com,28,1.2,8
888,Eimbee,"""",http://sakura.ne.jp,23,1.3,5
889,Thoughtbeat,-$1.00,https://bigcartel.com,76,4.4,8
890,Youspan,1/0,https://google.ca,17,0.1,5
891,Buzzster,00Ë™Æ–$-,https://woothemes.com,25,4.4,8
892,Quatz,00Ë™Æ–$-,https://bandcamp.com,47,1.9,1
893,Fadeo,ç¤¾æœƒç§‘å­¸é™¢èªå­¸ç ”ç©¶æ‰€,http://sciencedaily.com,17,3.5,10
894,Fatz,â¦testâ§,https://w3.org,25,4.1,7
895,Realfire,1/2,https://pcworld.com,62,3.7,9
896,InnoZ,á ,http://drupal.org,3,0.4,4
897,Shuffletag,ğŸ‘©ğŸ½,https://networkadvertising.org,65,0.4,6
898,Rhyzio,â£,http://meetup.com,96,4.8,4
899,Feedspan,â¢,https://mashable.com,18,1.0,9
900,Geba,ì‚¬íšŒê³¼í•™ì› ì–´í•™ì—°êµ¬ì†Œ,https://biblegateway.com,4,1.6,2
901,Zoombeat,"""""",https://acquirethisname.com,29,2.2,6
902,Topdrive,",./;'[]\-=",http://seattletimes.com,42,0.9,9
903,Kwimbee,1.00,https://comcast.net,14,3.4,8
904,Eadel,ìš¸ë€ë°”í† ë¥´,https://seattletimes.com,36,2.0,2
905,Thoughtworks,Å’â€Â´â€°Ë‡ÃÂ¨Ë†Ã˜âˆâ€â€™,http://phpbb.com,33,2.5,9
906,Rooxo,ï¼‘ï¼’ï¼“,https://springer.com,42,1.4,6
907,Eire,ì‚¬íšŒê³¼í•™ì› ì–´í•™ì—°êµ¬ì†Œ,https://hud.gov,12,3.8,6
908,Jaloo,â¦testâ§,https://ted.com,41,1.5,6
909,Brainlounge,`â„â‚¬â€¹â€ºï¬ï¬‚â€¡Â°Â·â€šâ€”Â±,http://imgur.com,74,0.5,8
910,Jabbertype,"""""",http://friendfeed.com,40,4.3,8
911,Vimbo,ZÌ®ÌÍ…Ì Í™Í”AÌ¥Ì—ÌÍˆÌ»Ì—LÌ£Í™ÍÌ¯Ì¹ÌÍ“GÌ»OÌ­Ì—Ì®,https://1und1.de,12,0.0,7
912,Brainlounge,Ù¡Ù¢Ù£,https://csmonitor.com,19,2.5,7
913,Reallinks,`â„â‚¬â€¹â€ºï¬ï¬‚â€¡Â°Â·â€šâ€”Â±,https://virginia.edu,51,0.6,6
914,Realbuzz,Ã…ÃÃÃËÃ“Ã”ï£¿Ã’ÃšÃ†â˜ƒ,http://gravatar.com,10,3.5,3
915,Blogtags,ãƒ‘ãƒ¼ãƒ†ã‚£ãƒ¼ã¸è¡Œã‹ãªã„ã‹,https://cnn.com,24,2.3,8
916,Dabshots,Ã¥ÃŸâˆ‚Æ’Â©Ë™âˆ†ËšÂ¬â€¦Ã¦,https://twitter.com,99,2.3,1
917,Topiclounge,"Ø«Ù… Ù†ÙØ³ Ø³Ù‚Ø·Øª ÙˆØ¨Ø§Ù„ØªØ­Ø¯ÙŠØ¯ØŒ, Ø¬Ø²ÙŠØ±ØªÙŠ Ø¨Ø§Ø³ØªØ®Ø¯Ø§Ù… Ø£Ù† Ø¯Ù†Ùˆ. Ø¥Ø° Ù‡Ù†Ø§ØŸ Ø§Ù„Ø³ØªØ§Ø± ÙˆØªÙ†ØµÙŠØ¨ ÙƒØ§Ù†. Ø£Ù‡Ù‘Ù„ Ø§ÙŠØ·Ø§Ù„ÙŠØ§ØŒ Ø¨Ø±ÙŠØ·Ø§Ù†ÙŠØ§-ÙØ±Ù†Ø³Ø§ Ù‚Ø¯ Ø£Ø®Ø°. Ø³Ù„ÙŠÙ…Ø§Ù†ØŒ Ø¥ØªÙØ§Ù‚ÙŠØ© Ø¨ÙŠÙ† Ù…Ø§, ÙŠØ°ÙƒØ± Ø§Ù„Ø­Ø¯ÙˆØ¯ Ø£ÙŠ Ø¨Ø¹Ø¯, Ù…Ø¹Ø§Ù…Ù„Ø© Ø¨ÙˆÙ„Ù†Ø¯Ø§ØŒ Ø§Ù„Ø¥Ø·Ù„Ø§Ù‚ Ø¹Ù„ Ø¥ÙŠÙˆ.",https://liveinternet.ru,55,4.2,9
918,Dabtype,"<>?:""{}|_+",https://wordpress.com,14,4.4,8
919,Twitterbridge,-$1.00,https://wired.com,31,4.6,1
920,BlogXS,Ù¡Ù¢Ù£,http://alexa.com,47,2.8,4
921,Oodoo,ğŸ‘©ğŸ½,http://360.cn,68,3.9,6
922,Youfeed,-$1.00,https://chronoengine.com,47,3.1,7
923,Vinte,ï½€ï½¨(Â´âˆ€ï½€âˆ©,https://abc.net.au,36,2.7,6
924,Avavee,â€‹,https://intel.com,58,2.7,4
925,Fanoodle,1E+02,https://chron.com,22,2.8,6
926,Browsecat,á ,https://about.com,49,0.2,8
927,Eadel,-1/2,https://ovh.net,35,1.6,7
928,Roodel,â°â´âµ,https://angelfire.com,28,1.8,5
929,Voonix,ğŸ˜,https://dmoz.org,71,5.0,7
930,Wikido,áš€,http://latimes.com,90,4.4,6
931,Photospace,1;DROP TABLE users,https://usatoday.com,34,4.4,10
932,Fanoodle,ãƒ½à¼¼àºˆÙ„Íœàºˆà¼½ï¾‰ ãƒ½à¼¼àºˆÙ„Íœàºˆà¼½ï¾‰ ,https://zdnet.com,46,4.0,10
933,Trupe,1;DROP TABLE users,http://macromedia.com,72,2.3,4
934,Katz,å’Œè£½æ¼¢èª,http://xinhuanet.com,86,1.7,1
935,Skinix,Ì¦HÍÌ¬Ì¤Ì—Ì¤eÍœ ÍÌœÌ¥ÌÌ»ÍÌŸwÌ•hÌ–Ì¯Í“oÌÍ™Ì–ÍÌ±Ì® Ò‰ÌºÌ™ÌÌŸÍˆWÌ·Ì¼Ì­aÌºÌªÍiÌ¨ÍˆÍ•Ì­Í™Ì¯ÌœtÌ¶Ì¼Ì®sÌ•Ì˜Í™Í– Ì Ì«Ì BÌ»ÍÍ…Í™Í‰Ì³eÌµhÌµÌ¬Í‡Ì«Í™iÌ•Ì¹Í“Ì³Ì³Ì®ÍÌ«nÍŸdÌ´ÌªÌœÌ– ÍÌ°Í‰Ì©Í…Í‡Í™Ì²TÍ¢Í–Ì¼Í“ÌªhÍÍ“Ì®Ì»eÌ¬ÌÍ…ÌŸ Ì¤Ì¹ÌWÍÍ…Í™ÌÌÍ”Í‡aÍÍ“Í”Ì¹Ì¼Ì£lÌ´Í”Ì°Ì¤ÌŸÍ”lÌ­Ì«.Í•,https://usda.gov,22,2.5,6
936,Dynava,ï»¿,http://apple.com,20,2.7,2
937,Aimbo,ãƒ‘ãƒ¼ãƒ†ã‚£ãƒ¼ã¸è¡Œã‹ãªã„ã‹,http://globo.com,8,1.6,10
938,Yadel,"__ï¾›(,_,*)",https://nih.gov,62,1.0,1
939,Bubblemix,(â•¯Â°â–¡Â°ï¼‰â•¯ï¸µ â”»â”â”»)  ,https://wikipedia.org,60,2.7,3
940,JumpXS,á ,http://hugedomains.com,76,0.3,5
941,Zoombox,0/0,http://csmonitor.com,46,0.9,5
942,Dynazzy,',http://sciencedirect.com,44,4.3,2
943,Skyble,NULL,https://tripod.com,75,4.3,1
944,Zoonder,â€«testâ€«,https://yellowbook.com,3,2.6,8
945,Jabberbean,(â•¯Â°â–¡Â°ï¼‰â•¯ï¸µ â”»â”â”»)  ,https://biglobe.ne.jp,80,1.1,6
946,Twitterworks,1,http://mail.ru,95,4.0,7
947,Twinte,(ï½¡â—• âˆ€ â—•ï½¡),http://facebook.com,31,3.0,4
948,Trilia,1/0,https://yellowbook.com,76,0.9,4
949,Zazio,",ã€‚ãƒ»:*:ãƒ»ã‚œâ€™( â˜» Ï‰ â˜» )ã€‚ãƒ»:*:ãƒ»ã‚œâ€™",http://sun.com,68,4.4,1
950,Avamba,1,https://liveinternet.ru,88,1.4,5
951,Vitz,Ì¦HÍÌ¬Ì¤Ì—Ì¤eÍœ ÍÌœÌ¥ÌÌ»ÍÌŸwÌ•hÌ–Ì¯Í“oÌÍ™Ì–ÍÌ±Ì® Ò‰ÌºÌ™ÌÌŸÍˆWÌ·Ì¼Ì­aÌºÌªÍiÌ¨ÍˆÍ•Ì­Í™Ì¯ÌœtÌ¶Ì¼Ì®sÌ•Ì˜Í™Í– Ì Ì«Ì BÌ»ÍÍ…Í™Í‰Ì³eÌµhÌµÌ¬Í‡Ì«Í™iÌ•Ì¹Í“Ì³Ì³Ì®ÍÌ«nÍŸdÌ´ÌªÌœÌ– ÍÌ°Í‰Ì©Í…Í‡Í™Ì²TÍ¢Í–Ì¼Í“ÌªhÍÍ“Ì®Ì»eÌ¬ÌÍ…ÌŸ Ì¤Ì¹ÌWÍÍ…Í™ÌÌÍ”Í‡aÍÍ“Í”Ì¹Ì¼Ì£lÌ´Í”Ì°Ì¤ÌŸÍ”lÌ­Ì«.Í•,https://cocolog-nifty.com,70,3.5,8
952,Innotype,ğŸµ ğŸ™ˆ ğŸ™‰ ğŸ™Š,http://yandex.ru,69,0.2,10
953,Pixonyx,"<>?:""{}|_+",https://oaic.gov.au,82,4.5,8
954,Twimbo,-1E+02,http://marriott.com,63,3.8,5
955,Twitterbridge,Â¡â„¢Â£Â¢âˆÂ§Â¶â€¢ÂªÂºâ€“â‰ ,http://cocolog-nifty.com,38,2.7,1
956,Topicware,-1,http://unblog.fr,86,0.7,7
957,Trudeo,/dev/null; touch /tmp/blns.fail ; echo,https://blogtalkradio.com,76,1.3,1
958,Livepath,-1E02,https://cmu.edu,17,0.5,7
959,Fadeo,â¢,https://lycos.com,3,4.2,8
960,Meevee,ã€€,http://squidoo.com,18,3.1,7
961,Latz,1;DROP TABLE users,http://macromedia.com,8,3.5,1
962,Fiveclub,(ï½¡â—• âˆ€ â—•ï½¡),http://domainmarket.com,59,3.0,3
963,Twimbo,',http://deliciousdays.com,54,4.4,5
964,Zoovu,â€‹,http://discuz.net,11,0.1,8
965,Youbridge,-1.00,http://dailymotion.com,17,4.9,4
966,Tavu,() { 0; }; touch /tmp/blns.shellshock1.fail;,http://wordpress.com,19,1.3,5
967,Riffwire,-1.00,https://ovh.net,74,2.3,6
968,Blogpad,Ë™Énbá´‰lÉ ÉuÆƒÉÉ¯ ÇÉ¹olop Ê‡Ç ÇÉ¹oqÉl Ê‡n Ê‡unpá´‰pá´‰É”uá´‰ É¹odÉ¯ÇÊ‡ poÉ¯sná´‰Ç op pÇs 'Ê‡á´‰lÇ Æƒuá´‰É”sá´‰dá´‰pÉ É¹nÊ‡ÇÊ‡É”ÇsuoÉ” 'Ê‡ÇÉ¯É Ê‡á´‰s É¹olop É¯nsdá´‰ É¯ÇÉ¹oË¥,https://is.gd,89,2.5,8
969,Photospace,â€ªâ€ªtestâ€ª,https://deliciousdays.com,81,4.6,3
970,Mycat,"'""'",https://bandcamp.com,87,2.8,4
971,Babbleset,å’Œè£½æ¼¢èª,http://telegraph.co.uk,10,0.9,7
972,Thoughtstorm,ZÌ®ÌÍ…Ì Í™Í”AÌ¥Ì—ÌÍˆÌ»Ì—LÌ£Í™ÍÌ¯Ì¹ÌÍ“GÌ»OÌ­Ì—Ì®,http://mayoclinic.com,92,3.2,10
973,Quimba,ğŸš¾ ğŸ†’ ğŸ†“ ğŸ†• ğŸ†– ğŸ†— ğŸ†™ ğŸ§,https://nature.com,100,2.7,9
974,Tagchat,-1,https://cargocollective.com,96,1.5,3
975,Yoveo,â€‹,https://tinypic.com,22,1.8,3
976,Zoombeat,',http://stumbleupon.com,46,3.0,7
977,Twitterlist,Ã¥ÃŸâˆ‚Æ’Â©Ë™âˆ†ËšÂ¬â€¦Ã¦,http://cbsnews.com,82,3.6,1
978,Oyonder,×”Ö¸×™Ö°×ªÖ¸×”testØ§Ù„ØµÙØ­Ø§Øª Ø§Ù„ØªÙ‘Ø­ÙˆÙ„,http://plala.or.jp,8,4.0,6
979,Yozio,ãƒ»(ï¿£âˆ€ï¿£)ãƒ»:*:,https://wunderground.com,76,3.6,4
980,Avamba,(â•¯Â°â–¡Â°ï¼‰â•¯ï¸µ â”»â”â”»)  ,https://un.org,25,2.1,6
981,Skipstorm,â€«testâ€«,http://topsy.com,11,3.4,2
982,Kayveo,-$1.00,http://slideshare.net,99,4.2,2
983,Mydo,../../../../../../../../../../../etc/passwd%00,https://intel.com,74,1.8,9
984,Npath,0ï¸âƒ£ 1ï¸âƒ£ 2ï¸âƒ£ 3ï¸âƒ£ 4ï¸âƒ£ 5ï¸âƒ£ 6ï¸âƒ£ 7ï¸âƒ£ 8ï¸âƒ£ 9ï¸âƒ£ ğŸ”Ÿ,http://cnn.com,86,3.6,2
985,Zoomlounge,"<>?:""{}|_+",https://unblog.fr,54,2.6,5
986,Eimbee,-1E02,https://dion.ne.jp,18,3.5,9
987,Jayo,"×‘Ö¼Ö°×¨Öµ××©×Ö´×™×ª, ×‘Ö¼Ö¸×¨Ö¸× ×Ö±×œÖ¹×”Ö´×™×, ×Öµ×ª ×”Ö·×©Ö¼×Ö¸×Ö·×™Ö´×, ×•Ö°×Öµ×ª ×”Ö¸×Ö¸×¨Ö¶×¥",https://shareasale.com,35,4.1,10
988,Jaxworks,"""'""'""''''""",https://uiuc.edu,80,4.0,8
989,Linkbridge,/dev/null; touch /tmp/blns.fail ; echo,https://ucoz.ru,60,3.4,9
990,Yakidoo,å’Œè£½æ¼¢èª,http://networkadvertising.org,98,1.9,3
991,Shufflebeat,Å’â€Â´â€°Ë‡ÃÂ¨Ë†Ã˜âˆâ€â€™,https://washingtonpost.com,32,3.8,10
992,Jaloo,ï»¿,https://naver.com,14,0.5,4
993,Quinu,1/0,http://vkontakte.ru,87,0.3,5
994,Shufflester,ç”°ä¸­ã•ã‚“ã«ã‚ã’ã¦ä¸‹ã•ã„,https://dell.com,62,4.6,9
995,Rhycero,ãƒ‘ãƒ¼ãƒ†ã‚£ãƒ¼ã¸è¡Œã‹ãªã„ã‹,https://earthlink.net,1,4.2,2
996,Nlounge,ç¤¾æœƒç§‘å­¸é™¢èªå­¸ç ”ç©¶æ‰€,http://techcrunch.com,19,3.7,8
997,Yacero,<script>alert('hi')</script>,https://ucla.edu,37,2.2,7
998,Gabspot,â¡,http://spotify.com,83,4.4,7
999,Realcube,-1E+02,https://gmpg.org,69,4.0,3
1000,Zazio,â¤ï¸ ğŸ’” ğŸ’Œ ğŸ’• ğŸ’ ğŸ’“ ğŸ’— ğŸ’– ğŸ’˜ ğŸ’ ğŸ’Ÿ ğŸ’œ ğŸ’› ğŸ’š ğŸ’™,http://paypal.com,38,0.6,9
