id,vacancyName,experience,address,salary,companyId,createDate
1,Chief Design Engineer,5,593 Hudson Center,182763,1,2023-09-17 00:00:00
2,Environmental Tech,0,226 American Plaza,171922,2,2023-10-12 00:00:00
3,Geological Engineer,4,4 Bartillon Lane,158843,3,2023-09-06 00:00:00
4,Help Desk Operator,5,3 Butternut Place,114029,4,2023-09-30 00:00:00
5,Product Engineer,8,91 Haas Alley,172355,5,2023-10-11 00:00:00
6,Senior Cost Accountant,6,94 Hoffman Avenue,148142,6,2023-10-11 00:00:00
7,General Manager,4,358 Butternut Circle,134179,7,2023-09-13 00:00:00
8,VP Quality Control,3,1669 Eastlawn Street,175536,8,2023-10-13 00:00:00
9,Safety Technician IV,9,1 Sunfield Junction,135835,9,2023-10-20 00:00:00
10,Data Coordinator,1,324 Shoshone Alley,123878,10,2023-10-07 00:00:00
11,Associate Professor,1,4748 Roth Parkway,102373,11,2023-10-06 00:00:00
12,Environmental Tech,2,76 Lotheville Trail,193295,12,2023-09-08 00:00:00
13,Programmer IV,2,6868 Longview Parkway,137794,13,2023-09-17 00:00:00
14,Help Desk Operator,0,9053 Merchant Parkway,94977,14,2023-10-22 00:00:00
15,Software Engineer III,1,6 Crowley Hill,161323,15,2023-09-28 00:00:00
16,Assistant Media Planner,6,24 Eagle Crest Trail,195874,16,2023-10-09 00:00:00
17,Senior Sales Associate,5,4314 Armistice Road,188837,17,2023-09-20 00:00:00
18,Marketing Assistant,6,2990 Haas Park,148990,18,2023-10-16 00:00:00
19,Safety Technician III,7,554 Steensland Trail,176541,19,2023-10-06 00:00:00
20,Senior Quality Engineer,2,8740 Ridgeview Terrace,86539,20,2023-09-07 00:00:00
21,Assistant Media Planner,8,6066 Iowa Center,130064,21,2023-09-27 00:00:00
22,Structural Analysis Engineer,8,9442 Harper Way,120522,22,2023-10-07 00:00:00
23,Senior Quality Engineer,8,74 Superior Crossing,138689,23,2023-10-18 00:00:00
24,Recruiting Manager,0,762 Briar Crest Court,163574,24,2023-09-28 00:00:00
25,Nuclear Power Engineer,5,8065 Anthes Hill,160108,25,2023-10-17 00:00:00
26,Accounting Assistant III,4,0 Steensland Park,83024,26,2023-10-22 00:00:00
27,Senior Financial Analyst,6,47 Kensington Avenue,198403,27,2023-09-17 00:00:00
28,Financial Analyst,3,99 Kinsman Hill,99751,28,2023-10-20 00:00:00
29,Clinical Specialist,10,5789 Tony Crossing,107560,29,2023-09-09 00:00:00
30,Operator,7,59 Old Gate Trail,92517,30,2023-10-18 00:00:00
31,Computer Systems Analyst IV,6,919 Kensington Plaza,131870,31,2023-10-14 00:00:00
32,Recruiting Manager,5,7967 Vahlen Center,166058,32,2023-10-22 00:00:00
33,Mechanical Systems Engineer,5,27 Carberry Way,91370,33,2023-09-09 00:00:00
34,Safety Technician III,3,97658 Buhler Road,177468,34,2023-09-26 00:00:00
35,Statistician I,8,24 Burrows Pass,102796,35,2023-10-04 00:00:00
36,Safety Technician III,3,6 Cody Parkway,105509,36,2023-09-29 00:00:00
37,Teacher,7,7206 Nancy Hill,167599,37,2023-10-07 00:00:00
38,Librarian,2,29625 Morningstar Pass,149539,38,2023-10-17 00:00:00
39,Pharmacist,6,72 Roth Point,92066,39,2023-09-02 00:00:00
40,Administrative Assistant I,10,1 Gina Park,112471,40,2023-09-14 00:00:00
41,Paralegal,5,1 8th Place,146583,41,2023-09-07 00:00:00
42,Help Desk Technician,0,63463 Westport Hill,182452,42,2023-10-03 00:00:00
43,Budget/Accounting Analyst II,5,78 Rigney Parkway,174727,43,2023-09-01 00:00:00
44,Speech Pathologist,10,28 Tennessee Place,84988,44,2023-10-10 00:00:00
45,Chemical Engineer,0,2 Everett Court,117873,45,2023-09-25 00:00:00
46,Human Resources Assistant III,2,50181 Randy Circle,151290,46,2023-09-13 00:00:00
47,Design Engineer,3,67 Dryden Center,139992,47,2023-09-11 00:00:00
48,Nurse,0,27 Autumn Leaf Circle,198834,48,2023-09-25 00:00:00
49,Information Systems Manager,6,13 Laurel Lane,186818,49,2023-09-18 00:00:00
50,Business Systems Development Analyst,5,9 Raven Crossing,188789,50,2023-09-30 00:00:00
51,Financial Analyst,6,41273 Vermont Lane,188479,51,2023-10-24 00:00:00
52,Chief Design Engineer,0,48400 Northview Crossing,118179,52,2023-09-24 00:00:00
53,Recruiter,1,8640 Talmadge Trail,135606,53,2023-10-06 00:00:00
54,Research Assistant III,5,890 Ronald Regan Street,132882,54,2023-09-07 00:00:00
55,Account Coordinator,9,84 Eliot Crossing,105155,55,2023-09-04 00:00:00
56,Geological Engineer,2,87 Del Sol Center,141429,56,2023-10-23 00:00:00
57,Senior Cost Accountant,0,2031 Paget Hill,141096,57,2023-10-06 00:00:00
58,Administrative Officer,4,47 Dakota Crossing,93113,58,2023-10-22 00:00:00
59,Research Nurse,9,1 Golf Place,93138,59,2023-09-10 00:00:00
60,Senior Editor,0,00099 Hagan Plaza,100079,60,2023-09-07 00:00:00
61,Senior Financial Analyst,10,73995 Knutson Crossing,171884,61,2023-10-02 00:00:00
62,Nuclear Power Engineer,6,8 Corscot Avenue,130838,62,2023-09-29 00:00:00
63,Safety Technician IV,6,8884 Saint Paul Parkway,164485,63,2023-10-06 00:00:00
64,Sales Representative,5,61 Hintze Hill,141454,64,2023-10-08 00:00:00
65,Chief Design Engineer,0,82431 Kingsford Circle,161241,65,2023-09-11 00:00:00
66,Information Systems Manager,7,0 Village Hill,165783,66,2023-10-11 00:00:00
67,Cost Accountant,4,146 Eliot Park,146232,67,2023-09-09 00:00:00
68,Internal Auditor,2,0 Chinook Way,193039,68,2023-10-13 00:00:00
69,Marketing Assistant,7,98 Butternut Pass,85939,69,2023-10-09 00:00:00
70,Teacher,9,2 5th Street,100964,70,2023-09-10 00:00:00
71,Nurse Practicioner,4,37367 Brickson Park Plaza,125218,71,2023-10-20 00:00:00
72,Tax Accountant,1,81050 David Court,130217,72,2023-10-11 00:00:00
73,Nurse Practicioner,0,86 Logan Park,100172,73,2023-09-02 00:00:00
74,Account Executive,4,5896 Alpine Terrace,194762,74,2023-09-05 00:00:00
75,Human Resources Manager,6,52621 Cambridge Crossing,87545,75,2023-10-06 00:00:00
76,Sales Associate,2,3 Nobel Avenue,187328,76,2023-10-09 00:00:00
77,Assistant Media Planner,1,5 8th Pass,148296,77,2023-09-12 00:00:00
78,Assistant Manager,3,35 Londonderry Avenue,115851,78,2023-09-26 00:00:00
79,Media Manager II,5,70596 Monterey Trail,123471,79,2023-10-17 00:00:00
80,Nurse,6,41114 Fairfield Junction,125498,80,2023-10-21 00:00:00
81,Accounting Assistant IV,8,20608 2nd Pass,158877,81,2023-09-09 00:00:00
82,Pharmacist,9,48929 1st Park,128428,82,2023-10-24 00:00:00
83,Programmer II,5,87761 Logan Crossing,98683,83,2023-09-29 00:00:00
84,Senior Developer,9,73361 Westerfield Pass,112392,84,2023-09-27 00:00:00
85,Senior Cost Accountant,10,75022 Morningstar Avenue,100661,85,2023-10-12 00:00:00
86,Human Resources Manager,3,577 Holmberg Trail,159681,86,2023-09-04 00:00:00
87,Database Administrator IV,10,88310 Huxley Center,88636,87,2023-09-20 00:00:00
88,Editor,10,73 Steensland Alley,138624,88,2023-10-03 00:00:00
89,Safety Technician III,1,95826 Memorial Point,147855,89,2023-09-30 00:00:00
90,VP Quality Control,0,41957 Kings Drive,185011,90,2023-09-20 00:00:00
91,General Manager,10,08380 Gateway Lane,131373,91,2023-10-07 00:00:00
92,Physical Therapy Assistant,6,4 Eagan Trail,190364,92,2023-09-28 00:00:00
93,Senior Financial Analyst,10,9571 Shopko Alley,136938,93,2023-09-24 00:00:00
94,Human Resources Assistant III,1,3257 Thompson Road,153214,94,2023-10-24 00:00:00
95,Physical Therapy Assistant,2,8 South Trail,119692,95,2023-10-15 00:00:00
96,GIS Technical Architect,4,46 Fallview Street,121088,96,2023-09-24 00:00:00
97,VP Quality Control,2,595 Calypso Plaza,136977,97,2023-10-01 00:00:00
98,Analog Circuit Design manager,9,5314 Alpine Lane,162841,98,2023-10-06 00:00:00
99,Software Engineer III,5,84474 East Place,80228,99,2023-09-10 00:00:00
100,Financial Advisor,0,89148 Sauthoff Junction,187795,100,2023-10-04 00:00:00
101,Financial Advisor,2,4 Sutherland Plaza,179117,101,2023-10-08 00:00:00
102,Senior Cost Accountant,1,07136 Porter Road,112796,102,2023-09-24 00:00:00
103,Information Systems Manager,6,8 Twin Pines Pass,186363,103,2023-09-20 00:00:00
104,Legal Assistant,1,7 Debra Trail,172432,104,2023-10-15 00:00:00
105,Structural Engineer,1,39124 Service Alley,114041,105,2023-09-09 00:00:00
106,Executive Secretary,3,391 Little Fleur Street,157989,106,2023-09-27 00:00:00
107,Cost Accountant,9,843 Mcguire Way,102840,107,2023-10-12 00:00:00
108,VP Marketing,6,9 Morningstar Avenue,93103,108,2023-09-21 00:00:00
109,Electrical Engineer,8,6 Sunfield Circle,137373,109,2023-09-11 00:00:00
110,Senior Quality Engineer,5,6 Center Avenue,172604,110,2023-09-24 00:00:00
111,Senior Quality Engineer,3,1 Elka Drive,170195,111,2023-09-15 00:00:00
112,Quality Engineer,8,03 Muir Circle,126354,112,2023-10-09 00:00:00
113,Senior Sales Associate,5,5914 Tony Drive,146638,113,2023-10-13 00:00:00
114,Electrical Engineer,4,775 Anthes Trail,196961,114,2023-10-23 00:00:00
115,Payment Adjustment Coordinator,3,04 Graedel Park,174179,115,2023-09-19 00:00:00
116,VP Quality Control,3,58 Manufacturers Pass,111699,116,2023-09-06 00:00:00
117,Software Engineer IV,9,9 International Street,111916,117,2023-10-02 00:00:00
118,Legal Assistant,4,62336 Eastlawn Center,177231,118,2023-10-20 00:00:00
119,Graphic Designer,7,67 Northfield Plaza,131179,119,2023-10-15 00:00:00
120,Environmental Tech,3,50737 Northridge Lane,101146,120,2023-09-17 00:00:00
121,Executive Secretary,8,077 Oneill Plaza,117435,121,2023-09-07 00:00:00
122,Pharmacist,5,74324 Anderson Road,163314,122,2023-09-03 00:00:00
123,Associate Professor,2,98943 Ridgeway Road,185506,123,2023-10-12 00:00:00
124,Media Manager III,8,82840 Sunfield Court,176298,124,2023-10-14 00:00:00
125,Internal Auditor,9,33629 Lunder Plaza,168964,125,2023-10-12 00:00:00
126,Graphic Designer,9,50 Erie Drive,162301,126,2023-09-22 00:00:00
127,Graphic Designer,10,89027 Mifflin Circle,169673,127,2023-09-26 00:00:00
128,Developer III,5,949 Cody Street,109283,128,2023-09-30 00:00:00
129,Account Coordinator,8,5707 Porter Trail,166443,129,2023-09-20 00:00:00
130,Developer IV,9,57 Porter Drive,91040,130,2023-10-16 00:00:00
131,Administrative Officer,5,85862 John Wall Hill,196090,131,2023-09-03 00:00:00
132,Geological Engineer,6,03 Macpherson Pass,199825,132,2023-09-05 00:00:00
133,Food Chemist,2,84273 Burrows Parkway,90743,133,2023-09-04 00:00:00
134,Budget/Accounting Analyst I,2,85472 Jackson Lane,176688,134,2023-09-12 00:00:00
135,Account Representative III,9,1220 Columbus Alley,136585,135,2023-10-04 00:00:00
136,Teacher,0,2839 Mcguire Way,150059,136,2023-10-21 00:00:00
137,Business Systems Development Analyst,4,7929 Norway Maple Road,196839,137,2023-09-07 00:00:00
138,VP Marketing,5,69 Truax Plaza,90726,138,2023-09-05 00:00:00
139,Editor,9,87 Quincy Plaza,91660,139,2023-10-11 00:00:00
140,Safety Technician III,9,15327 Mitchell Place,155890,140,2023-10-18 00:00:00
141,Executive Secretary,10,1 Pond Center,193284,141,2023-10-10 00:00:00
142,Community Outreach Specialist,8,0 Buhler Alley,111404,142,2023-09-21 00:00:00
143,Design Engineer,2,7 Clove Trail,125272,143,2023-10-20 00:00:00
144,Registered Nurse,4,919 Comanche Trail,191196,144,2023-09-06 00:00:00
145,Research Assistant I,0,4 Rusk Road,110980,145,2023-10-22 00:00:00
146,Account Executive,5,75512 Starling Trail,171774,146,2023-10-13 00:00:00
147,Social Worker,5,6 American Ash Drive,118347,147,2023-09-16 00:00:00
148,VP Sales,0,93178 Namekagon Hill,111684,148,2023-10-02 00:00:00
149,Accounting Assistant II,8,209 Haas Park,100265,149,2023-10-17 00:00:00
150,Internal Auditor,7,0 Stoughton Road,86802,150,2023-09-28 00:00:00
151,Technical Writer,6,90 Ohio Parkway,129966,151,2023-10-20 00:00:00
152,Account Coordinator,4,6886 John Wall Pass,189111,152,2023-10-19 00:00:00
153,Senior Developer,10,974 Oak Court,107140,153,2023-10-16 00:00:00
154,Marketing Assistant,5,68612 Mallard Avenue,161523,154,2023-10-23 00:00:00
155,Programmer I,7,3277 Westerfield Trail,131815,155,2023-09-25 00:00:00
156,Media Manager I,2,2 Fieldstone Street,123304,156,2023-09-18 00:00:00
157,GIS Technical Architect,2,2 Granby Avenue,99207,157,2023-10-06 00:00:00
158,Mechanical Systems Engineer,4,162 Park Meadow Parkway,180741,158,2023-09-13 00:00:00
159,Graphic Designer,9,04 Westridge Park,138940,159,2023-09-20 00:00:00
160,Administrative Assistant I,7,20 Shasta Trail,129728,160,2023-10-01 00:00:00
161,Civil Engineer,6,7 Pearson Avenue,87816,161,2023-09-29 00:00:00
162,Structural Analysis Engineer,9,97 Stoughton Trail,83568,162,2023-09-18 00:00:00
163,Speech Pathologist,4,6 Packers Court,152399,163,2023-10-08 00:00:00
164,Information Systems Manager,7,4404 Starling Alley,157882,164,2023-09-11 00:00:00
165,Product Engineer,6,36 8th Street,199807,165,2023-09-13 00:00:00
166,VP Sales,0,521 Hanson Park,174237,166,2023-09-05 00:00:00
167,Quality Engineer,1,951 Hollow Ridge Way,92481,167,2023-10-12 00:00:00
168,Structural Analysis Engineer,2,58 Lindbergh Lane,156719,168,2023-09-20 00:00:00
169,Design Engineer,4,901 Sachtjen Trail,192304,169,2023-10-22 00:00:00
170,Librarian,7,343 Meadow Vale Hill,167592,170,2023-09-25 00:00:00
171,Junior Executive,0,0 Mccormick Park,98374,171,2023-10-05 00:00:00
172,Human Resources Manager,0,2 Independence Trail,161761,172,2023-09-22 00:00:00
173,Office Assistant III,8,0903 Drewry Junction,149952,173,2023-10-23 00:00:00
174,Registered Nurse,8,5 Bay Crossing,176581,174,2023-10-07 00:00:00
175,Environmental Tech,10,02 Vera Terrace,175992,175,2023-09-03 00:00:00
176,Research Assistant IV,2,3 Forest Place,186454,176,2023-10-08 00:00:00
177,Account Representative I,1,1 Toban Pass,151908,177,2023-09-07 00:00:00
178,Research Assistant I,4,42 Commercial Court,153424,178,2023-10-17 00:00:00
179,Business Systems Development Analyst,0,540 Armistice Avenue,91529,179,2023-10-08 00:00:00
180,Business Systems Development Analyst,5,11 Bay Junction,113440,180,2023-09-28 00:00:00
181,Assistant Manager,1,733 Quincy Street,115996,181,2023-10-19 00:00:00
182,Teacher,6,00 Orin Drive,96118,182,2023-10-11 00:00:00
183,Payment Adjustment Coordinator,9,814 Moose Pass,93103,183,2023-09-05 00:00:00
184,Media Manager III,2,53 Hoepker Parkway,191356,184,2023-10-14 00:00:00
185,Geological Engineer,5,53688 Little Fleur Center,143776,185,2023-10-19 00:00:00
186,Marketing Manager,4,82 Arrowood Junction,197282,186,2023-10-13 00:00:00
187,Dental Hygienist,2,77 Towne Circle,196138,187,2023-09-06 00:00:00
188,Structural Engineer,6,20 Melody Trail,90613,188,2023-09-01 00:00:00
189,Software Test Engineer IV,10,210 Roxbury Pass,87323,189,2023-10-21 00:00:00
190,Technical Writer,0,346 Corry Crossing,118876,190,2023-09-28 00:00:00
191,Systems Administrator III,7,8 Quincy Crossing,130198,191,2023-09-11 00:00:00
192,Librarian,7,61420 Parkside Plaza,142577,192,2023-09-10 00:00:00
193,Accounting Assistant III,7,78573 Fulton Park,102413,193,2023-10-08 00:00:00
194,Developer II,4,74 Mallory Drive,138055,194,2023-09-12 00:00:00
195,Quality Engineer,5,8958 Lindbergh Parkway,91253,195,2023-10-12 00:00:00
196,Assistant Media Planner,0,6 Mcguire Parkway,172896,196,2023-10-15 00:00:00
197,Nuclear Power Engineer,3,7986 Thierer Park,99968,197,2023-09-24 00:00:00
198,Registered Nurse,3,978 Logan Park,140335,198,2023-09-01 00:00:00
199,Developer III,9,81 Summer Ridge Lane,170006,199,2023-10-11 00:00:00
200,Staff Scientist,10,1470 Melby Place,90199,200,2023-09-25 00:00:00
201,Senior Developer,8,069 Hoard Center,177361,201,2023-09-13 00:00:00
202,Senior Editor,9,40166 Westridge Center,102766,202,2023-10-22 00:00:00
203,Teacher,3,137 Scoville Drive,135199,203,2023-10-08 00:00:00
204,Design Engineer,1,8607 Porter Center,137252,204,2023-10-14 00:00:00
205,Tax Accountant,10,646 Annamark Place,109203,205,2023-10-21 00:00:00
206,Chief Design Engineer,3,68227 Kings Way,173600,206,2023-09-27 00:00:00
207,Graphic Designer,4,37 Paget Terrace,99710,207,2023-09-23 00:00:00
208,Programmer III,7,40 Grim Way,94327,208,2023-10-14 00:00:00
209,Food Chemist,8,1093 Basil Junction,127564,209,2023-09-21 00:00:00
210,Sales Representative,0,8 Eastlawn Pass,150576,210,2023-10-17 00:00:00
211,Database Administrator II,7,7070 Moose Street,163631,211,2023-10-01 00:00:00
212,Actuary,7,09556 International Alley,150453,212,2023-09-07 00:00:00
213,VP Quality Control,2,227 Colorado Place,172171,213,2023-09-15 00:00:00
214,Marketing Manager,8,906 Melvin Plaza,151082,214,2023-10-19 00:00:00
215,Food Chemist,5,2 Summit Point,93817,215,2023-10-15 00:00:00
216,Technical Writer,3,556 Hanover Circle,93837,216,2023-10-20 00:00:00
217,Computer Systems Analyst IV,1,07 Arrowood Point,101129,217,2023-10-15 00:00:00
218,Community Outreach Specialist,0,80666 Northview Trail,125103,218,2023-10-05 00:00:00
219,Programmer II,8,07265 Springs Point,173337,219,2023-09-06 00:00:00
220,Staff Scientist,6,8 Monica Plaza,170973,220,2023-10-08 00:00:00
221,Clinical Specialist,3,6457 Montana Lane,119973,221,2023-09-05 00:00:00
222,Administrative Officer,0,342 Miller Court,162338,222,2023-09-14 00:00:00
223,Environmental Specialist,5,06981 Lakewood Gardens Park,95401,223,2023-09-03 00:00:00
224,Chemical Engineer,8,30300 Hollow Ridge Lane,157169,224,2023-09-06 00:00:00
225,VP Quality Control,10,00 Superior Lane,122334,225,2023-09-13 00:00:00
226,Sales Associate,10,60 Basil Hill,186605,226,2023-09-01 00:00:00
227,Senior Quality Engineer,1,1693 Lawn Plaza,178034,227,2023-10-13 00:00:00
228,Assistant Professor,9,494 Evergreen Road,114769,228,2023-09-04 00:00:00
229,Recruiting Manager,4,724 Sundown Road,120685,229,2023-09-20 00:00:00
230,Developer I,8,419 Dahle Court,120569,230,2023-10-12 00:00:00
231,Associate Professor,5,20075 Kropf Court,172014,231,2023-10-06 00:00:00
232,Occupational Therapist,5,98 Esch Alley,101293,232,2023-09-09 00:00:00
233,Database Administrator IV,4,12 Fairview Drive,196334,233,2023-09-23 00:00:00
234,Director of Sales,1,34302 Carioca Park,199375,234,2023-10-12 00:00:00
235,Community Outreach Specialist,10,7 Donald Hill,188996,235,2023-09-24 00:00:00
236,Budget/Accounting Analyst III,0,77 Pierstorff Junction,175820,236,2023-10-05 00:00:00
237,Marketing Assistant,5,5 International Terrace,105925,237,2023-10-07 00:00:00
238,Desktop Support Technician,10,6 2nd Court,82926,238,2023-09-18 00:00:00
239,Geological Engineer,5,646 Spenser Hill,147864,239,2023-10-15 00:00:00
240,Quality Engineer,1,23874 Graceland Plaza,86758,240,2023-09-25 00:00:00
241,Programmer Analyst IV,4,2194 Fieldstone Pass,101494,241,2023-09-16 00:00:00
242,Automation Specialist III,3,4 Shoshone Lane,81251,242,2023-10-13 00:00:00
243,Operator,0,952 Hanover Park,129533,243,2023-09-24 00:00:00
244,Financial Advisor,6,87677 Truax Crossing,119779,244,2023-09-04 00:00:00
245,VP Sales,5,2 Kipling Avenue,194068,245,2023-09-02 00:00:00
246,Senior Financial Analyst,8,87 Leroy Parkway,93120,246,2023-09-26 00:00:00
247,Computer Systems Analyst IV,8,3 South Lane,192580,247,2023-09-02 00:00:00
248,Data Coordinator,8,7358 Hanover Crossing,197499,248,2023-09-12 00:00:00
249,Systems Administrator III,1,98636 Elka Road,93924,249,2023-10-06 00:00:00
250,Structural Engineer,2,5310 Moulton Way,199036,250,2023-09-19 00:00:00
251,Engineer II,0,11 Fremont Terrace,127624,251,2023-09-07 00:00:00
252,VP Product Management,2,60 2nd Trail,178084,252,2023-10-19 00:00:00
253,Graphic Designer,5,39 Dayton Way,157085,253,2023-10-21 00:00:00
254,Physical Therapy Assistant,3,1 Armistice Terrace,98747,254,2023-09-19 00:00:00
255,VP Sales,4,31 Grayhawk Place,111009,255,2023-10-04 00:00:00
256,Financial Advisor,0,9 Dawn Way,162213,256,2023-09-12 00:00:00
257,Environmental Tech,8,7 Pleasure Court,180228,257,2023-09-17 00:00:00
258,Analyst Programmer,7,21309 Elka Park,149899,258,2023-10-08 00:00:00
259,Associate Professor,1,5 Miller Street,98408,259,2023-09-10 00:00:00
260,Account Coordinator,4,19 Gale Terrace,93580,260,2023-09-14 00:00:00
261,Account Executive,5,59 Oxford Lane,126544,261,2023-09-20 00:00:00
262,Developer I,8,22 Kim Junction,156638,262,2023-10-10 00:00:00
263,Business Systems Development Analyst,9,814 Holmberg Plaza,123846,263,2023-09-08 00:00:00
264,Quality Control Specialist,10,266 Leroy Place,106672,264,2023-09-17 00:00:00
265,VP Accounting,6,90124 Jenna Place,153566,265,2023-10-17 00:00:00
266,Programmer II,2,3 Mifflin Junction,145680,266,2023-10-09 00:00:00
267,Assistant Media Planner,8,804 Barnett Parkway,121743,267,2023-10-16 00:00:00
268,VP Product Management,1,1 Sommers Hill,130697,268,2023-10-20 00:00:00
269,Environmental Specialist,3,562 Wayridge Plaza,157273,269,2023-09-27 00:00:00
270,Tax Accountant,7,842 Farwell Park,192115,270,2023-09-25 00:00:00
271,Technical Writer,9,728 Darwin Point,126687,271,2023-09-21 00:00:00
272,Senior Sales Associate,1,5890 Thierer Drive,86426,272,2023-10-14 00:00:00
273,Human Resources Assistant III,9,84 Southridge Crossing,144486,273,2023-10-08 00:00:00
274,Health Coach III,2,13 Arapahoe Parkway,159013,274,2023-10-16 00:00:00
275,Information Systems Manager,3,9822 Butterfield Road,185932,275,2023-09-14 00:00:00
276,Graphic Designer,5,9 Service Road,182933,276,2023-10-24 00:00:00
277,VP Product Management,0,9 Loeprich Road,167062,277,2023-09-09 00:00:00
278,Administrative Officer,0,07385 Summit Point,150458,278,2023-09-10 00:00:00
279,Engineer IV,5,0881 Hallows Hill,150902,279,2023-09-11 00:00:00
280,Engineer IV,7,66 Meadow Valley Trail,159696,280,2023-09-30 00:00:00
281,Desktop Support Technician,4,3250 Badeau Point,162727,281,2023-09-28 00:00:00
282,Director of Sales,4,22001 Bunting Park,124601,282,2023-09-13 00:00:00
283,Geologist II,4,76013 Farwell Park,188014,283,2023-10-17 00:00:00
284,Account Executive,10,8827 Twin Pines Lane,103910,284,2023-10-13 00:00:00
285,Mechanical Systems Engineer,3,50955 Killdeer Street,178660,285,2023-10-24 00:00:00
286,Desktop Support Technician,0,19221 Lake View Avenue,86706,286,2023-09-19 00:00:00
287,Project Manager,2,2037 Hoffman Lane,174641,287,2023-09-25 00:00:00
288,Financial Analyst,0,9 Bonner Center,81071,288,2023-10-04 00:00:00
289,Professor,0,7840 Holmberg Crossing,82773,289,2023-09-09 00:00:00
290,Programmer II,8,0770 Sunbrook Pass,177496,290,2023-09-05 00:00:00
291,Paralegal,6,2 Prentice Circle,198708,291,2023-10-17 00:00:00
292,Operator,8,21895 Armistice Road,177866,292,2023-10-03 00:00:00
293,Office Assistant III,10,205 Michigan Park,152119,293,2023-10-15 00:00:00
294,Occupational Therapist,6,80957 Bowman Plaza,126787,294,2023-09-21 00:00:00
295,Compensation Analyst,5,0569 Oneill Circle,155902,295,2023-09-28 00:00:00
296,Biostatistician III,5,49580 Ludington Circle,86916,296,2023-09-25 00:00:00
297,Design Engineer,2,45 8th Pass,133293,297,2023-09-20 00:00:00
298,Accounting Assistant IV,2,24 Grasskamp Junction,83517,298,2023-09-03 00:00:00
299,Research Nurse,0,08 Parkside Center,177888,299,2023-09-25 00:00:00
300,Environmental Specialist,4,6232 Dennis Plaza,111163,300,2023-09-23 00:00:00
301,Web Designer III,5,2059 Ridge Oak Parkway,124591,301,2023-09-29 00:00:00
302,Software Consultant,7,141 Harper Alley,96861,302,2023-09-14 00:00:00
303,Physical Therapy Assistant,7,75952 Hooker Drive,189508,303,2023-10-03 00:00:00
304,Structural Analysis Engineer,4,1 Oriole Plaza,173467,304,2023-09-21 00:00:00
305,Research Assistant IV,6,61986 Esch Crossing,124363,305,2023-10-10 00:00:00
306,Financial Analyst,2,85 Marquette Terrace,196442,306,2023-10-03 00:00:00
307,General Manager,0,33 Drewry Junction,116447,307,2023-10-19 00:00:00
308,Developer II,0,438 Shasta Street,82592,308,2023-10-18 00:00:00
309,Sales Associate,9,90 Longview Alley,160265,309,2023-09-20 00:00:00
310,Food Chemist,2,76580 Dunning Alley,109390,310,2023-10-08 00:00:00
311,Analog Circuit Design manager,0,33 Armistice Drive,115555,311,2023-09-16 00:00:00
312,Design Engineer,8,166 Sundown Plaza,133695,312,2023-09-06 00:00:00
313,Database Administrator III,6,47 Almo Parkway,116562,313,2023-09-16 00:00:00
314,Marketing Assistant,10,358 Trailsway Crossing,83378,314,2023-10-17 00:00:00
315,Business Systems Development Analyst,1,9 Dixon Road,118445,315,2023-10-23 00:00:00
316,Programmer Analyst IV,4,521 Ohio Place,164540,316,2023-10-19 00:00:00
317,Software Engineer III,3,3 Bultman Drive,88186,317,2023-10-10 00:00:00
318,Information Systems Manager,3,5479 Stoughton Center,174254,318,2023-10-01 00:00:00
319,Associate Professor,5,76606 Manufacturers Park,134282,319,2023-09-14 00:00:00
320,Research Assistant II,1,383 Coolidge Avenue,105081,320,2023-09-08 00:00:00
321,Graphic Designer,9,3975 Commercial Lane,130930,321,2023-10-01 00:00:00
322,Health Coach IV,0,013 Pierstorff Park,167542,322,2023-10-05 00:00:00
323,Research Assistant I,9,418 Sundown Lane,110874,323,2023-09-22 00:00:00
324,Graphic Designer,2,1080 Eagan Plaza,86981,324,2023-10-01 00:00:00
325,Nuclear Power Engineer,6,499 Packers Drive,83730,325,2023-10-09 00:00:00
326,Teacher,3,4 Moose Point,96088,326,2023-10-04 00:00:00
327,Clinical Specialist,8,0 Cody Way,173285,327,2023-10-19 00:00:00
328,Recruiter,3,273 Brentwood Park,135935,328,2023-09-15 00:00:00
329,Pharmacist,3,93186 Pepper Wood Road,141003,329,2023-10-12 00:00:00
330,Payment Adjustment Coordinator,0,7 Westerfield Place,86541,330,2023-10-16 00:00:00
331,Automation Specialist II,8,593 Havey Place,112979,331,2023-10-01 00:00:00
332,Human Resources Manager,2,30 Bartillon Avenue,124590,332,2023-09-24 00:00:00
333,Senior Quality Engineer,4,90043 Quincy Trail,114790,333,2023-09-19 00:00:00
334,Pharmacist,7,50 Ronald Regan Point,153277,334,2023-09-18 00:00:00
335,Chemical Engineer,7,70557 Sunbrook Parkway,151496,335,2023-10-11 00:00:00
336,Project Manager,4,53 8th Circle,143233,336,2023-09-06 00:00:00
337,Safety Technician II,0,383 Northridge Way,134742,337,2023-09-09 00:00:00
338,Accountant IV,4,73453 Superior Parkway,97003,338,2023-09-17 00:00:00
339,Account Coordinator,8,0294 Pine View Lane,125233,339,2023-09-27 00:00:00
340,Senior Developer,8,671 Heath Trail,128071,340,2023-09-01 00:00:00
341,Civil Engineer,0,478 Sugar Crossing,116722,341,2023-09-09 00:00:00
342,Project Manager,0,8132 Gulseth Way,91380,342,2023-10-17 00:00:00
343,Staff Scientist,0,3423 Westridge Lane,88169,343,2023-10-07 00:00:00
344,Programmer Analyst IV,2,63188 Jana Drive,81217,344,2023-09-10 00:00:00
345,Engineer II,3,3224 Thompson Plaza,115984,345,2023-10-16 00:00:00
346,Geological Engineer,8,7 Carpenter Trail,115045,346,2023-09-08 00:00:00
347,Mechanical Systems Engineer,9,2 Everett Hill,177968,347,2023-10-10 00:00:00
348,Senior Sales Associate,8,96 Hagan Pass,147946,348,2023-10-18 00:00:00
349,Health Coach II,2,1298 Holy Cross Street,97546,349,2023-10-08 00:00:00
350,Product Engineer,4,3 Marquette Road,126654,350,2023-09-15 00:00:00
351,Human Resources Manager,2,95141 Butterfield Hill,149943,351,2023-10-04 00:00:00
352,Programmer Analyst IV,1,15 Glendale Lane,132779,352,2023-10-04 00:00:00
353,Payment Adjustment Coordinator,0,34 Crownhardt Lane,127047,353,2023-09-17 00:00:00
354,Senior Quality Engineer,5,35968 Morrow Junction,193346,354,2023-09-12 00:00:00
355,Chief Design Engineer,9,7663 Melrose Point,122655,355,2023-10-04 00:00:00
356,Project Manager,4,685 Harper Junction,92856,356,2023-10-10 00:00:00
357,Account Executive,4,25 Sunfield Court,142987,357,2023-09-11 00:00:00
358,Budget/Accounting Analyst IV,2,28115 Meadow Ridge Terrace,111101,358,2023-10-12 00:00:00
359,Software Consultant,2,05380 Porter Parkway,197544,359,2023-09-07 00:00:00
360,Human Resources Assistant I,0,09622 Schurz Park,140552,360,2023-09-29 00:00:00
361,Statistician II,9,25 Bunting Center,170715,361,2023-09-27 00:00:00
362,Assistant Media Planner,10,44 Scofield Drive,150255,362,2023-09-16 00:00:00
363,Junior Executive,6,5075 Ohio Hill,199666,363,2023-10-02 00:00:00
364,Account Representative II,10,0 Vera Crossing,115989,364,2023-10-07 00:00:00
365,Help Desk Technician,3,0453 Amoth Avenue,156676,365,2023-09-26 00:00:00
366,Recruiter,4,670 Golden Leaf Trail,106924,366,2023-10-02 00:00:00
367,Accounting Assistant I,4,62 Dwight Lane,99126,367,2023-10-04 00:00:00
368,Health Coach II,3,009 Arapahoe Park,190202,368,2023-10-20 00:00:00
369,Information Systems Manager,7,95 Golf View Terrace,120347,369,2023-10-06 00:00:00
370,Software Test Engineer II,2,8670 Fair Oaks Plaza,85738,370,2023-10-01 00:00:00
371,Chief Design Engineer,10,8692 Dennis Junction,130209,371,2023-09-01 00:00:00
372,Software Consultant,6,1 Dapin Park,117511,372,2023-09-24 00:00:00
373,Senior Developer,7,7564 Boyd Crossing,137906,373,2023-09-21 00:00:00
374,Junior Executive,9,033 Springs Circle,131563,374,2023-09-04 00:00:00
375,Geological Engineer,9,7 Lyons Center,120629,375,2023-10-04 00:00:00
376,Environmental Specialist,2,64190 Spaight Place,160522,376,2023-09-09 00:00:00
377,Actuary,6,976 Scott Hill,87146,377,2023-09-01 00:00:00
378,Social Worker,7,1397 Rutledge Crossing,163791,378,2023-09-23 00:00:00
379,Legal Assistant,4,97 Division Junction,117704,379,2023-09-12 00:00:00
380,Geologist III,10,1210 Esker Drive,179683,380,2023-09-28 00:00:00
381,Quality Control Specialist,7,291 Dryden Alley,120237,381,2023-10-24 00:00:00
382,Civil Engineer,4,1267 Gerald Circle,118577,382,2023-09-08 00:00:00
383,Director of Sales,10,84 Rigney Terrace,109641,383,2023-10-19 00:00:00
384,Internal Auditor,9,57946 Butternut Drive,117061,384,2023-10-10 00:00:00
385,Dental Hygienist,1,4907 Swallow Trail,84387,385,2023-10-05 00:00:00
386,Desktop Support Technician,3,403 4th Drive,153619,386,2023-10-17 00:00:00
387,Database Administrator IV,10,61 Vahlen Road,181571,387,2023-10-06 00:00:00
388,Financial Advisor,7,61 Anderson Parkway,193428,388,2023-10-11 00:00:00
389,Research Assistant IV,7,79 Luster Alley,179150,389,2023-10-08 00:00:00
390,Media Manager I,7,9941 Nelson Parkway,117404,390,2023-10-05 00:00:00
391,Mechanical Systems Engineer,4,29 Muir Hill,199656,391,2023-10-14 00:00:00
392,Account Executive,8,00 Everett Road,88069,392,2023-09-27 00:00:00
393,Technical Writer,8,23197 Dunning Trail,162087,393,2023-09-12 00:00:00
394,Senior Editor,9,2 Commercial Center,145331,394,2023-10-22 00:00:00
395,VP Quality Control,8,34920 Leroy Circle,130197,395,2023-09-10 00:00:00
396,Database Administrator IV,10,9825 Mallard Place,83738,396,2023-09-23 00:00:00
397,Chemical Engineer,2,004 Riverside Junction,148045,397,2023-10-04 00:00:00
398,Teacher,2,45 Doe Crossing Way,175679,398,2023-09-12 00:00:00
399,Accounting Assistant II,10,990 Glendale Plaza,101607,399,2023-09-10 00:00:00
400,Internal Auditor,10,5 Daystar Circle,106232,400,2023-09-14 00:00:00
401,Environmental Specialist,5,91375 Messerschmidt Drive,194383,401,2023-10-08 00:00:00
402,Staff Accountant III,1,6634 Northport Court,135704,402,2023-10-24 00:00:00
403,Senior Cost Accountant,9,26 Prentice Drive,103069,403,2023-09-25 00:00:00
404,Statistician IV,9,07 South Circle,104418,404,2023-09-01 00:00:00
405,Analog Circuit Design manager,5,286 Spenser Pass,177789,405,2023-09-06 00:00:00
406,GIS Technical Architect,1,96 Dryden Crossing,145895,406,2023-09-06 00:00:00
407,Computer Systems Analyst III,7,0 Packers Park,156329,407,2023-09-15 00:00:00
408,Human Resources Assistant II,9,2 Pankratz Point,196723,408,2023-09-27 00:00:00
409,Account Representative IV,0,312 Sherman Point,160599,409,2023-10-08 00:00:00
410,Assistant Media Planner,6,544 Mallory Terrace,142437,410,2023-09-02 00:00:00
411,Technical Writer,3,373 Bayside Junction,166517,411,2023-09-04 00:00:00
412,Clinical Specialist,6,1 Mcguire Alley,142983,412,2023-09-26 00:00:00
413,Systems Administrator I,8,32 Cherokee Point,172549,413,2023-09-19 00:00:00
414,Administrative Officer,10,71255 Eastwood Park,121112,414,2023-10-23 00:00:00
415,Tax Accountant,6,53 Ruskin Avenue,121401,415,2023-10-20 00:00:00
416,Marketing Assistant,7,22 Bunting Crossing,95682,416,2023-09-15 00:00:00
417,Environmental Tech,10,1749 Lerdahl Lane,177904,417,2023-10-23 00:00:00
418,Human Resources Manager,1,360 Little Fleur Alley,185053,418,2023-09-07 00:00:00
419,Mechanical Systems Engineer,3,336 Mallard Trail,131224,419,2023-09-28 00:00:00
420,Assistant Media Planner,0,321 High Crossing Crossing,104803,420,2023-09-26 00:00:00
421,Project Manager,2,312 Spaight Trail,123913,421,2023-09-29 00:00:00
422,Quality Engineer,9,8358 Fisk Crossing,190397,422,2023-09-25 00:00:00
423,Software Consultant,9,0 Rieder Plaza,174396,423,2023-10-06 00:00:00
424,Information Systems Manager,2,22334 Schiller Road,101674,424,2023-09-21 00:00:00
425,Social Worker,8,32 Union Road,153873,425,2023-10-01 00:00:00
426,Cost Accountant,6,43 Sundown Plaza,138545,426,2023-09-04 00:00:00
427,Safety Technician I,1,18 Meadow Vale Trail,163855,427,2023-09-24 00:00:00
428,Teacher,10,22 Basil Junction,93339,428,2023-09-05 00:00:00
429,Senior Sales Associate,9,825 Eastwood Pass,181375,429,2023-09-01 00:00:00
430,Help Desk Operator,9,453 Northland Junction,146801,430,2023-10-17 00:00:00
431,Executive Secretary,6,7361 Hoffman Junction,196609,431,2023-09-25 00:00:00
432,Biostatistician III,4,564 Londonderry Pass,146685,432,2023-09-04 00:00:00
433,Account Executive,8,415 Northfield Way,125643,433,2023-09-24 00:00:00
434,Quality Control Specialist,1,41 Lien Alley,176189,434,2023-10-20 00:00:00
435,Account Representative III,4,71 Alpine Point,104373,435,2023-10-18 00:00:00
436,Research Assistant III,5,563 Mitchell Lane,87810,436,2023-09-28 00:00:00
437,Graphic Designer,3,5 Holmberg Drive,118526,437,2023-09-15 00:00:00
438,Analyst Programmer,10,2 Briar Crest Park,126348,438,2023-10-12 00:00:00
439,Structural Engineer,2,94531 Oxford Road,122109,439,2023-10-13 00:00:00
440,Business Systems Development Analyst,1,12658 Sherman Avenue,153981,440,2023-10-15 00:00:00
441,Paralegal,10,98392 Maywood Junction,126652,441,2023-09-08 00:00:00
442,Sales Representative,5,687 Vahlen Drive,158687,442,2023-09-05 00:00:00
443,Health Coach IV,1,63 Mallard Parkway,159417,443,2023-09-16 00:00:00
444,Senior Developer,1,76 Hintze Trail,94563,444,2023-10-04 00:00:00
445,VP Sales,6,26 Sage Avenue,99984,445,2023-09-16 00:00:00
446,Quality Control Specialist,6,9 Bonner Park,86409,446,2023-10-24 00:00:00
447,Graphic Designer,3,90465 Ridgeview Hill,121519,447,2023-09-07 00:00:00
448,Research Associate,0,2 Steensland Way,177872,448,2023-09-20 00:00:00
449,Web Designer II,6,69 Mcbride Alley,131272,449,2023-09-19 00:00:00
450,Dental Hygienist,10,8660 Carpenter Parkway,107868,450,2023-09-16 00:00:00
451,Safety Technician IV,7,4204 Westport Alley,114569,451,2023-10-15 00:00:00
452,Graphic Designer,0,0 Brickson Park Way,168194,452,2023-10-10 00:00:00
453,Programmer II,8,607 Acker Terrace,190538,453,2023-09-10 00:00:00
454,Automation Specialist IV,2,9770 Spaight Junction,97085,454,2023-09-13 00:00:00
455,Geologist IV,7,2 Waubesa Drive,192103,455,2023-09-03 00:00:00
456,Account Representative III,10,65 Butternut Junction,90223,456,2023-10-18 00:00:00
457,Statistician IV,7,545 Vidon Court,139843,457,2023-10-22 00:00:00
458,Professor,8,1896 Emmet Place,156007,458,2023-09-12 00:00:00
459,Senior Quality Engineer,6,96488 Express Way,130364,459,2023-10-15 00:00:00
460,Desktop Support Technician,4,912 Valley Edge Park,153792,460,2023-09-09 00:00:00
461,Senior Cost Accountant,7,81827 Redwing Parkway,188750,461,2023-09-25 00:00:00
462,Clinical Specialist,0,55767 Lakewood Gardens Center,122342,462,2023-09-05 00:00:00
463,Account Coordinator,5,42 Debra Point,132083,463,2023-10-07 00:00:00
464,Help Desk Technician,5,20198 Summer Ridge Trail,194235,464,2023-09-02 00:00:00
465,Recruiter,3,98955 Mayer Terrace,184047,465,2023-10-11 00:00:00
466,Physical Therapy Assistant,3,6 Muir Alley,91873,466,2023-10-17 00:00:00
467,Editor,2,110 Spenser Junction,98335,467,2023-10-04 00:00:00
468,Compensation Analyst,10,96 Maryland Hill,147878,468,2023-10-06 00:00:00
469,Desktop Support Technician,6,72503 Springs Way,125462,469,2023-09-29 00:00:00
470,Staff Accountant IV,8,54606 Butternut Point,191666,470,2023-10-04 00:00:00
471,Staff Accountant II,6,83 Lawn Park,179803,471,2023-09-30 00:00:00
472,Recruiter,4,991 Burning Wood Lane,151300,472,2023-10-02 00:00:00
473,GIS Technical Architect,2,0 Center Park,161405,473,2023-09-17 00:00:00
474,Budget/Accounting Analyst III,9,35 Westport Center,117995,474,2023-10-04 00:00:00
475,Account Representative II,0,7 Bashford Alley,178000,475,2023-10-11 00:00:00
476,General Manager,10,51 Jay Way,83670,476,2023-09-29 00:00:00
477,Web Designer III,9,5756 Golf Parkway,110020,477,2023-10-22 00:00:00
478,Senior Sales Associate,1,29 Valley Edge Road,142487,478,2023-10-15 00:00:00
479,Assistant Media Planner,4,8702 Red Cloud Alley,163340,479,2023-09-10 00:00:00
480,Quality Engineer,5,82 Service Lane,178522,480,2023-09-11 00:00:00
481,Web Developer II,0,0571 Carpenter Terrace,195517,481,2023-09-20 00:00:00
482,Electrical Engineer,2,3415 Charing Cross Park,125210,482,2023-10-16 00:00:00
483,Assistant Media Planner,1,59 Nelson Parkway,102536,483,2023-09-22 00:00:00
484,Environmental Tech,2,79 Northfield Junction,190000,484,2023-10-02 00:00:00
485,Analog Circuit Design manager,0,297 Village Center,143837,485,2023-09-05 00:00:00
486,Legal Assistant,7,92 Northland Way,137887,486,2023-10-13 00:00:00
487,Sales Representative,10,39762 Clyde Gallagher Parkway,100338,487,2023-09-29 00:00:00
488,Engineer II,6,58 Rieder Junction,128385,488,2023-10-15 00:00:00
489,Compensation Analyst,4,86737 Hintze Junction,133232,489,2023-09-03 00:00:00
490,Social Worker,4,55 Village Green Lane,99740,490,2023-10-02 00:00:00
491,Operator,8,62233 Becker Pass,133656,491,2023-10-12 00:00:00
492,Teacher,1,1780 Everett Lane,119514,492,2023-10-13 00:00:00
493,Software Test Engineer II,6,7 Northland Street,190636,493,2023-09-24 00:00:00
494,Research Nurse,3,66 Laurel Street,152363,494,2023-09-10 00:00:00
495,Legal Assistant,6,67063 Portage Way,95991,495,2023-09-15 00:00:00
496,Senior Sales Associate,9,492 Menomonie Plaza,133557,496,2023-10-18 00:00:00
497,Actuary,3,11 Acker Court,159086,497,2023-09-25 00:00:00
498,Geologist IV,8,11870 Brentwood Trail,136541,498,2023-10-01 00:00:00
499,Engineer II,5,691 Blackbird Way,95664,499,2023-09-21 00:00:00
500,Research Nurse,4,2 Marcy Terrace,84493,500,2023-09-12 00:00:00
501,Project Manager,2,6 Sullivan Junction,114937,501,2023-10-09 00:00:00
502,Occupational Therapist,4,92823 Schurz Place,183670,502,2023-10-02 00:00:00
503,Research Nurse,9,0474 Oakridge Park,167869,503,2023-10-20 00:00:00
504,Safety Technician I,2,5 Arkansas Crossing,195961,504,2023-09-29 00:00:00
505,Automation Specialist I,9,964 Westend Junction,136147,505,2023-09-18 00:00:00
506,Registered Nurse,9,6817 Welch Crossing,184097,506,2023-09-09 00:00:00
507,Research Assistant IV,10,2342 Ridgeview Parkway,136662,507,2023-10-16 00:00:00
508,Sales Associate,1,29 Bultman Center,81745,508,2023-10-20 00:00:00
509,Geologist II,7,261 Graceland Trail,107464,509,2023-10-04 00:00:00
510,Analog Circuit Design manager,6,2 Sheridan Alley,174472,510,2023-09-29 00:00:00
511,Accountant II,1,460 Vera Road,180792,511,2023-09-30 00:00:00
512,Systems Administrator II,2,791 Logan Road,145340,512,2023-10-15 00:00:00
513,Physical Therapy Assistant,3,7576 Sunbrook Drive,126914,513,2023-09-07 00:00:00
514,Senior Quality Engineer,1,951 Westend Crossing,147592,514,2023-09-29 00:00:00
515,Clinical Specialist,10,18800 Norway Maple Lane,89563,515,2023-10-10 00:00:00
516,Environmental Tech,3,1 Ruskin Parkway,88458,516,2023-09-12 00:00:00
517,Senior Sales Associate,8,10 Anthes Circle,189579,517,2023-09-01 00:00:00
518,Software Engineer IV,9,51365 Swallow Crossing,91180,518,2023-09-10 00:00:00
519,Associate Professor,10,26125 Starling Park,159753,519,2023-09-02 00:00:00
520,Graphic Designer,2,3404 Northview Circle,141723,520,2023-10-17 00:00:00
521,Web Designer IV,9,16056 Ohio Trail,172186,521,2023-10-23 00:00:00
522,Environmental Tech,7,43 Amoth Center,174650,522,2023-10-10 00:00:00
523,Software Test Engineer IV,0,8092 Sutherland Parkway,183895,523,2023-09-22 00:00:00
524,Director of Sales,2,0 Holy Cross Terrace,107013,524,2023-10-03 00:00:00
525,Desktop Support Technician,7,954 Montana Alley,106042,525,2023-09-19 00:00:00
526,Mechanical Systems Engineer,1,414 Chinook Point,92504,526,2023-09-15 00:00:00
527,VP Accounting,0,60 Russell Street,157856,527,2023-09-13 00:00:00
528,Software Consultant,6,49885 Bayside Way,178228,528,2023-09-20 00:00:00
529,Geologist III,2,3 Maywood Street,183977,529,2023-09-03 00:00:00
530,Electrical Engineer,5,05497 Badeau Terrace,120279,530,2023-09-15 00:00:00
531,VP Product Management,2,80664 Gale Parkway,148381,531,2023-10-11 00:00:00
532,Internal Auditor,8,2 Havey Circle,147811,532,2023-09-07 00:00:00
533,Chief Design Engineer,4,116 Manitowish Junction,124437,533,2023-09-13 00:00:00
534,Graphic Designer,9,03618 Wayridge Plaza,169440,534,2023-10-06 00:00:00
535,Design Engineer,8,93 Namekagon Court,123232,535,2023-09-16 00:00:00
536,Web Developer I,1,579 Ohio Court,86647,536,2023-09-08 00:00:00
537,Occupational Therapist,3,22 Stone Corner Junction,161719,537,2023-09-30 00:00:00
538,Physical Therapy Assistant,3,9178 Fremont Terrace,185120,538,2023-10-07 00:00:00
539,Statistician II,9,03683 Myrtle Alley,199910,539,2023-10-04 00:00:00
540,Community Outreach Specialist,1,25 Ruskin Road,140307,540,2023-10-23 00:00:00
541,Speech Pathologist,4,996 Sheridan Point,126270,541,2023-09-23 00:00:00
542,Nurse,4,002 Shopko Road,147071,542,2023-09-06 00:00:00
543,Software Engineer II,0,361 Sundown Street,199810,543,2023-10-07 00:00:00
544,VP Product Management,4,65317 Meadow Ridge Parkway,129380,544,2023-10-11 00:00:00
545,Physical Therapy Assistant,8,158 Hoepker Crossing,110802,545,2023-09-06 00:00:00
546,Senior Quality Engineer,2,07 Victoria Circle,168919,546,2023-10-14 00:00:00
547,Account Coordinator,2,2 8th Circle,194933,547,2023-09-04 00:00:00
548,Programmer IV,9,78 Oneill Terrace,92173,548,2023-09-30 00:00:00
549,Research Nurse,0,26064 Shasta Alley,180472,549,2023-10-06 00:00:00
550,Product Engineer,1,2 Moose Park,190749,550,2023-10-13 00:00:00
551,Teacher,6,0 Armistice Trail,160676,551,2023-10-08 00:00:00
552,Registered Nurse,2,069 Lakeland Circle,182505,552,2023-09-21 00:00:00
553,Actuary,7,971 Crest Line Way,182683,553,2023-10-11 00:00:00
554,VP Sales,7,62 Pond Circle,181232,554,2023-09-30 00:00:00
555,Human Resources Assistant III,2,82627 Golf View Center,178972,555,2023-09-03 00:00:00
556,Senior Editor,8,91 7th Drive,98876,556,2023-09-26 00:00:00
557,Help Desk Operator,7,4 Knutson Road,189894,557,2023-10-20 00:00:00
558,Environmental Tech,2,5 Oriole Center,131463,558,2023-09-04 00:00:00
559,Research Associate,5,4994 Packers Avenue,151980,559,2023-09-08 00:00:00
560,Software Test Engineer IV,2,40393 Bartelt Lane,88529,560,2023-10-14 00:00:00
561,Systems Administrator III,10,27021 Vera Point,98905,561,2023-09-11 00:00:00
562,Staff Accountant III,0,3348 Ridgeway Plaza,186952,562,2023-10-22 00:00:00
563,Quality Engineer,2,345 Transport Terrace,199307,563,2023-09-22 00:00:00
564,Nuclear Power Engineer,10,923 Hollow Ridge Terrace,131194,564,2023-09-25 00:00:00
565,Assistant Media Planner,9,2783 Cordelia Court,97336,565,2023-10-22 00:00:00
566,Social Worker,10,6034 Portage Park,101463,566,2023-10-22 00:00:00
567,Database Administrator II,0,69758 Morning Lane,135314,567,2023-09-11 00:00:00
568,Registered Nurse,2,82374 Iowa Hill,110728,568,2023-09-01 00:00:00
569,Senior Cost Accountant,2,87957 Goodland Street,163528,569,2023-09-14 00:00:00
570,Junior Executive,4,41 Doe Crossing Court,92765,570,2023-10-11 00:00:00
571,Operator,8,967 Gerald Park,166844,571,2023-10-08 00:00:00
572,Safety Technician IV,7,908 Sutherland Park,103286,572,2023-10-07 00:00:00
573,Database Administrator IV,6,03006 School Court,192921,573,2023-09-19 00:00:00
574,Office Assistant IV,4,977 Mallard Way,195265,574,2023-09-11 00:00:00
575,Analog Circuit Design manager,6,8 Holy Cross Parkway,187686,575,2023-09-12 00:00:00
576,Actuary,4,942 Vera Place,159626,576,2023-10-13 00:00:00
577,Budget/Accounting Analyst III,5,35226 Veith Center,138674,577,2023-10-09 00:00:00
578,Junior Executive,10,008 Barby Point,187213,578,2023-10-20 00:00:00
579,Desktop Support Technician,9,80147 Swallow Crossing,161820,579,2023-10-05 00:00:00
580,Associate Professor,10,032 Knutson Crossing,126334,580,2023-09-21 00:00:00
581,Nuclear Power Engineer,2,82 Corben Court,164199,581,2023-09-08 00:00:00
582,Information Systems Manager,10,49355 Shopko Hill,179020,582,2023-10-18 00:00:00
583,Senior Financial Analyst,5,4 Corben Street,88139,583,2023-10-06 00:00:00
584,Research Nurse,5,50585 Dahle Point,175257,584,2023-09-23 00:00:00
585,Operator,5,11 Michigan Pass,183354,585,2023-09-06 00:00:00
586,Pharmacist,3,6828 Eliot Junction,145837,586,2023-09-03 00:00:00
587,Technical Writer,0,03 Alpine Point,139072,587,2023-09-11 00:00:00
588,Chemical Engineer,3,50682 Tennessee Crossing,92509,588,2023-09-26 00:00:00
589,Chief Design Engineer,8,8 Emmet Parkway,143358,589,2023-09-18 00:00:00
590,Web Designer IV,3,1 Ridge Oak Trail,146507,590,2023-09-14 00:00:00
591,Human Resources Manager,10,3252 Monica Junction,104216,591,2023-09-11 00:00:00
592,Office Assistant I,8,342 Ohio Way,87980,592,2023-10-24 00:00:00
593,Software Engineer III,8,99 Veith Park,94699,593,2023-10-06 00:00:00
594,Research Associate,0,950 Mosinee Hill,158812,594,2023-09-11 00:00:00
595,Registered Nurse,6,0706 Burning Wood Trail,163959,595,2023-10-20 00:00:00
596,Staff Scientist,4,196 Pond Parkway,122687,596,2023-10-18 00:00:00
597,Account Executive,2,73 Comanche Place,188822,597,2023-10-24 00:00:00
598,Editor,6,425 Macpherson Plaza,126069,598,2023-10-20 00:00:00
599,Account Coordinator,9,2755 Esch Court,150176,599,2023-10-12 00:00:00
600,Systems Administrator III,10,474 Bonner Avenue,185416,600,2023-10-01 00:00:00
601,Assistant Manager,3,4461 Eagan Crossing,193864,601,2023-10-23 00:00:00
602,Assistant Media Planner,8,59 Westend Way,132161,602,2023-09-21 00:00:00
603,Editor,8,1694 Sachtjen Terrace,102456,603,2023-09-17 00:00:00
604,Payment Adjustment Coordinator,0,0 Sloan Trail,179188,604,2023-09-30 00:00:00
605,Graphic Designer,4,9 Hooker Terrace,168450,605,2023-09-26 00:00:00
606,Business Systems Development Analyst,10,4695 Jana Hill,90753,606,2023-09-29 00:00:00
607,Automation Specialist II,9,83 Fallview Lane,103759,607,2023-10-21 00:00:00
608,Analyst Programmer,4,5657 Bay Alley,159701,608,2023-09-29 00:00:00
609,Nurse,3,14 Fuller Parkway,154968,609,2023-09-10 00:00:00
610,Quality Control Specialist,3,11 Alpine Plaza,175355,610,2023-09-25 00:00:00
611,Legal Assistant,10,8770 Victoria Way,127467,611,2023-09-09 00:00:00
612,Programmer III,1,51 Maple Circle,129421,612,2023-09-02 00:00:00
613,Account Executive,1,7 Randy Road,104913,613,2023-10-07 00:00:00
614,Staff Scientist,8,7969 Ridgeview Drive,106651,614,2023-10-21 00:00:00
615,Health Coach III,3,7782 Mcguire Park,119227,615,2023-09-01 00:00:00
616,Account Coordinator,7,52 Lerdahl Avenue,102473,616,2023-09-17 00:00:00
617,Staff Accountant II,1,2 Thackeray Avenue,165445,617,2023-09-05 00:00:00
618,Senior Quality Engineer,4,9792 Vera Plaza,132380,618,2023-10-18 00:00:00
619,Research Nurse,1,9644 Briar Crest Park,147206,619,2023-09-21 00:00:00
620,Staff Scientist,7,9092 High Crossing Terrace,181610,620,2023-10-20 00:00:00
621,Web Designer II,7,5808 Mosinee Alley,194437,621,2023-10-21 00:00:00
622,Marketing Manager,8,4 Bonner Alley,115064,622,2023-09-22 00:00:00
623,Quality Control Specialist,6,28 Mariners Cove Pass,138663,623,2023-10-09 00:00:00
624,Engineer I,6,012 Dennis Pass,196834,624,2023-09-05 00:00:00
625,Civil Engineer,7,4918 Lighthouse Bay Drive,188944,625,2023-10-16 00:00:00
626,Marketing Manager,7,718 Granby Center,82830,626,2023-10-24 00:00:00
627,Product Engineer,2,23069 Arizona Junction,135292,627,2023-10-18 00:00:00
628,Senior Sales Associate,7,9 La Follette Pass,113007,628,2023-10-05 00:00:00
629,GIS Technical Architect,2,25 Maple Avenue,87467,629,2023-09-12 00:00:00
630,Account Executive,7,73221 Lerdahl Hill,142456,630,2023-09-07 00:00:00
631,Media Manager IV,7,59283 Huxley Park,88901,631,2023-10-23 00:00:00
632,Research Assistant IV,1,25064 Novick Pass,130450,632,2023-09-18 00:00:00
633,Cost Accountant,7,257 Petterle Terrace,143722,633,2023-10-19 00:00:00
634,Staff Scientist,0,2304 Longview Court,153006,634,2023-09-09 00:00:00
635,Account Representative III,0,44 Ridgeway Place,171365,635,2023-09-22 00:00:00
636,Marketing Assistant,3,122 Golf Course Trail,180459,636,2023-09-01 00:00:00
637,Account Executive,9,90501 Prairieview Trail,112865,637,2023-09-02 00:00:00
638,Actuary,0,3 Sheridan Junction,178500,638,2023-10-13 00:00:00
639,Project Manager,3,24 1st Park,111758,639,2023-09-26 00:00:00
640,Biostatistician III,7,43 Fuller Way,127676,640,2023-09-23 00:00:00
641,Associate Professor,6,1 Jana Hill,111995,641,2023-09-11 00:00:00
642,Staff Accountant I,0,2 Lakewood Gardens Circle,197305,642,2023-09-01 00:00:00
643,Senior Developer,0,4454 Arrowood Hill,100069,643,2023-10-10 00:00:00
644,Assistant Professor,4,49701 Everett Alley,128026,644,2023-09-03 00:00:00
645,GIS Technical Architect,3,518 Burrows Crossing,158501,645,2023-09-02 00:00:00
646,Statistician II,9,0489 Lillian Road,127900,646,2023-10-12 00:00:00
647,Budget/Accounting Analyst III,0,0963 Mockingbird Court,153392,647,2023-09-13 00:00:00
648,Graphic Designer,1,14 Blue Bill Park Court,88426,648,2023-10-17 00:00:00
649,Human Resources Manager,6,46652 Hanover Alley,106445,649,2023-10-04 00:00:00
650,Account Representative I,0,90940 Merchant Trail,168745,650,2023-09-24 00:00:00
651,Health Coach IV,1,8826 Kedzie Circle,123787,651,2023-09-18 00:00:00
652,Software Test Engineer III,8,15 Vahlen Junction,167995,652,2023-09-26 00:00:00
653,Environmental Tech,2,26 Lunder Drive,160838,653,2023-10-20 00:00:00
654,Food Chemist,7,654 Ronald Regan Plaza,83898,654,2023-09-30 00:00:00
655,GIS Technical Architect,3,5040 Muir Circle,127939,655,2023-09-09 00:00:00
656,Research Nurse,10,11 Vermont Road,155954,656,2023-10-03 00:00:00
657,Design Engineer,9,0 Jana Park,84136,657,2023-10-18 00:00:00
658,Assistant Media Planner,6,58467 Mayfield Hill,111052,658,2023-09-26 00:00:00
659,Safety Technician I,7,45768 Warbler Road,136352,659,2023-09-28 00:00:00
660,Design Engineer,2,22182 Tomscot Lane,114369,660,2023-10-09 00:00:00
661,Junior Executive,5,16 Nobel Park,118234,661,2023-10-22 00:00:00
662,Quality Control Specialist,1,77832 Carioca Street,178753,662,2023-09-29 00:00:00
663,Nurse,10,6857 Vera Street,123874,663,2023-09-17 00:00:00
664,Structural Engineer,9,39 Farragut Avenue,102681,664,2023-09-04 00:00:00
665,Software Engineer III,8,068 Thompson Pass,138608,665,2023-09-11 00:00:00
666,Assistant Manager,1,813 Northridge Parkway,86343,666,2023-10-14 00:00:00
667,Office Assistant IV,9,8343 Kim Center,144629,667,2023-09-17 00:00:00
668,Structural Analysis Engineer,5,8 Mesta Terrace,128585,668,2023-10-13 00:00:00
669,Senior Sales Associate,6,9702 Schlimgen Junction,138631,669,2023-09-19 00:00:00
670,Analog Circuit Design manager,4,05 Coolidge Junction,193605,670,2023-09-24 00:00:00
671,General Manager,4,58651 Bluejay Avenue,194988,671,2023-09-20 00:00:00
672,Physical Therapy Assistant,2,38202 Maywood Terrace,167537,672,2023-09-11 00:00:00
673,GIS Technical Architect,1,6013 Ohio Pass,181290,673,2023-09-30 00:00:00
674,Programmer III,3,06210 Forest Run Avenue,113868,674,2023-09-16 00:00:00
675,Database Administrator I,1,9 Bobwhite Road,100902,675,2023-10-16 00:00:00
676,Compensation Analyst,4,4947 Homewood Parkway,103892,676,2023-10-16 00:00:00
677,Compensation Analyst,10,817 Morningstar Pass,180191,677,2023-09-06 00:00:00
678,Internal Auditor,9,33 Goodland Court,91492,678,2023-09-17 00:00:00
679,Information Systems Manager,2,342 Bartillon Park,83238,679,2023-09-21 00:00:00
680,Environmental Tech,10,51400 Upham Terrace,199492,680,2023-10-14 00:00:00
681,Assistant Professor,3,03 Debra Trail,171624,681,2023-09-20 00:00:00
682,Internal Auditor,5,2758 Crownhardt Lane,160824,682,2023-10-22 00:00:00
683,Structural Engineer,4,55 Alpine Junction,124520,683,2023-09-26 00:00:00
684,Web Designer IV,1,59951 Hudson Pass,91938,684,2023-10-11 00:00:00
685,Legal Assistant,1,56594 Superior Park,149850,685,2023-10-03 00:00:00
686,Automation Specialist III,2,9 Randy Street,180714,686,2023-09-17 00:00:00
687,Budget/Accounting Analyst I,5,17166 International Center,154163,687,2023-09-20 00:00:00
688,Staff Scientist,5,269 Heffernan Place,199214,688,2023-09-29 00:00:00
689,Actuary,2,0 Northport Lane,157102,689,2023-09-25 00:00:00
690,Legal Assistant,9,6 Maple Wood Hill,116703,690,2023-10-17 00:00:00
691,Chief Design Engineer,7,5 Duke Crossing,184879,691,2023-10-09 00:00:00
692,Senior Sales Associate,4,248 Spaight Way,84109,692,2023-09-12 00:00:00
693,VP Marketing,9,928 Raven Avenue,151101,693,2023-09-11 00:00:00
694,Software Consultant,9,15 Ramsey Place,180782,694,2023-10-03 00:00:00
695,Analyst Programmer,0,47 Knutson Alley,171383,695,2023-09-01 00:00:00
696,Help Desk Technician,0,11134 Dixon Circle,173269,696,2023-10-24 00:00:00
697,Quality Control Specialist,7,375 Arkansas Park,110080,697,2023-09-26 00:00:00
698,Analog Circuit Design manager,2,1797 Killdeer Park,102437,698,2023-10-06 00:00:00
699,Executive Secretary,2,5 Dovetail Circle,86725,699,2023-09-05 00:00:00
700,Developer II,3,94 Sauthoff Court,94460,700,2023-10-07 00:00:00
701,Editor,2,8 Tennessee Park,170076,701,2023-10-18 00:00:00
702,Registered Nurse,1,2 Schiller Way,144420,702,2023-10-20 00:00:00
703,Office Assistant I,2,8 Rutledge Lane,150947,703,2023-09-26 00:00:00
704,Senior Editor,7,4365 Buena Vista Road,133404,704,2023-10-03 00:00:00
705,VP Accounting,4,036 Blackbird Point,193355,705,2023-10-09 00:00:00
706,Information Systems Manager,0,8128 Dorton Junction,90348,706,2023-10-12 00:00:00
707,Assistant Manager,10,6222 School Center,180401,707,2023-10-19 00:00:00
708,Executive Secretary,8,71665 Claremont Junction,125691,708,2023-09-16 00:00:00
709,Budget/Accounting Analyst IV,4,263 Florence Parkway,180236,709,2023-09-23 00:00:00
710,VP Marketing,4,0 Sauthoff Alley,85788,710,2023-10-15 00:00:00
711,Assistant Media Planner,4,09 Maple Park,189244,711,2023-10-20 00:00:00
712,Account Executive,4,53 Schlimgen Park,145600,712,2023-09-11 00:00:00
713,Chief Design Engineer,0,5040 Bluejay Road,158365,713,2023-10-09 00:00:00
714,Junior Executive,6,387 Little Fleur Crossing,107059,714,2023-09-14 00:00:00
715,Staff Accountant I,1,0599 Rigney Hill,91233,715,2023-09-14 00:00:00
716,Recruiting Manager,3,87811 Maple Plaza,199925,716,2023-09-29 00:00:00
717,Nurse,7,5675 Kensington Point,156645,717,2023-09-19 00:00:00
718,Geologist I,10,83020 Mandrake Parkway,113057,718,2023-09-15 00:00:00
719,Cost Accountant,3,09 Graedel Court,151052,719,2023-09-14 00:00:00
720,Geological Engineer,0,204 Briar Crest Alley,103485,720,2023-09-25 00:00:00
721,Information Systems Manager,10,8 Colorado Road,135700,721,2023-10-22 00:00:00
722,Project Manager,0,1043 Eastwood Trail,198430,722,2023-10-11 00:00:00
723,Junior Executive,3,46769 Sloan Street,84349,723,2023-10-15 00:00:00
724,Software Consultant,2,2944 Pearson Pass,136937,724,2023-10-03 00:00:00
725,General Manager,7,89009 Farragut Point,178389,725,2023-10-22 00:00:00
726,Occupational Therapist,0,98 Brickson Park Parkway,122339,726,2023-09-20 00:00:00
727,Actuary,0,59027 Lunder Parkway,80229,727,2023-10-08 00:00:00
728,Senior Developer,4,13 Grover Terrace,152275,728,2023-10-21 00:00:00
729,Assistant Media Planner,8,82050 Sherman Place,179764,729,2023-09-24 00:00:00
730,Payment Adjustment Coordinator,4,1 Swallow Parkway,109591,730,2023-10-07 00:00:00
731,Chemical Engineer,6,254 Orin Circle,90982,731,2023-09-17 00:00:00
732,Staff Accountant IV,4,17 Spaight Park,102613,732,2023-09-29 00:00:00
733,Professor,8,76258 Montana Crossing,190453,733,2023-09-04 00:00:00
734,Community Outreach Specialist,8,130 Walton Street,107602,734,2023-09-26 00:00:00
735,Assistant Professor,1,8 Petterle Place,117157,735,2023-09-21 00:00:00
736,Marketing Assistant,7,122 Golf View Crossing,147596,736,2023-09-02 00:00:00
737,Operator,1,6688 Jenna Parkway,152670,737,2023-10-01 00:00:00
738,Database Administrator II,10,47538 La Follette Lane,157139,738,2023-09-22 00:00:00
739,Biostatistician III,10,1 Thompson Alley,180179,739,2023-09-19 00:00:00
740,Software Consultant,6,50634 Eastlawn Way,139616,740,2023-09-08 00:00:00
741,Internal Auditor,5,58116 Comanche Park,199861,741,2023-09-29 00:00:00
742,Software Consultant,6,4054 Dexter Court,80996,742,2023-10-10 00:00:00
743,Structural Engineer,4,8733 Waxwing Drive,142393,743,2023-10-09 00:00:00
744,Data Coordinator,3,03161 Hintze Trail,118156,744,2023-10-24 00:00:00
745,Paralegal,4,234 Anderson Lane,149638,745,2023-09-08 00:00:00
746,Senior Cost Accountant,6,897 Eggendart Terrace,101646,746,2023-09-10 00:00:00
747,Cost Accountant,5,64 Maple Wood Park,96771,747,2023-10-03 00:00:00
748,Senior Editor,1,750 Warner Park,80070,748,2023-09-18 00:00:00
749,Assistant Professor,2,1 Evergreen Parkway,159072,749,2023-10-21 00:00:00
750,Software Engineer IV,9,542 Glendale Trail,154424,750,2023-09-19 00:00:00
751,Software Engineer IV,2,52 Longview Trail,182336,751,2023-09-22 00:00:00
752,Help Desk Operator,2,571 Mesta Alley,199718,752,2023-10-19 00:00:00
753,Senior Sales Associate,8,35697 Clarendon Circle,177533,753,2023-10-17 00:00:00
754,Graphic Designer,5,61 Wayridge Crossing,193242,754,2023-09-12 00:00:00
755,Help Desk Operator,2,77571 Victoria Crossing,102369,755,2023-09-30 00:00:00
756,Clinical Specialist,9,30491 Mendota Pass,150013,756,2023-09-19 00:00:00
757,Administrative Assistant III,8,0 Tony Pass,123173,757,2023-09-02 00:00:00
758,GIS Technical Architect,5,55 Johnson Circle,81369,758,2023-10-06 00:00:00
759,Web Developer IV,10,98847 Lindbergh Street,199303,759,2023-10-24 00:00:00
760,Human Resources Manager,5,2 Susan Terrace,182581,760,2023-10-10 00:00:00
761,Research Assistant I,5,7265 Pepper Wood Terrace,178386,761,2023-09-22 00:00:00
762,Teacher,6,8948 Ronald Regan Lane,185677,762,2023-09-21 00:00:00
763,Assistant Media Planner,1,910 American Place,142539,763,2023-10-20 00:00:00
764,Developer IV,3,51129 Esch Terrace,92839,764,2023-09-03 00:00:00
765,Senior Quality Engineer,3,5 Hayes Lane,83251,765,2023-09-13 00:00:00
766,Staff Accountant IV,2,078 Jay Road,105784,766,2023-10-21 00:00:00
767,Software Engineer IV,1,16 Kenwood Trail,129052,767,2023-09-26 00:00:00
768,Automation Specialist II,2,065 Lotheville Alley,163674,768,2023-10-02 00:00:00
769,Web Developer I,6,63 Del Mar Place,101912,769,2023-10-13 00:00:00
770,Health Coach I,10,69394 Sugar Drive,149179,770,2023-10-14 00:00:00
771,Office Assistant III,0,13007 Sundown Hill,92765,771,2023-09-16 00:00:00
772,VP Accounting,6,95 Sycamore Street,108590,772,2023-09-08 00:00:00
773,Executive Secretary,0,629 Oakridge Parkway,100422,773,2023-10-01 00:00:00
774,Budget/Accounting Analyst IV,0,11184 Nelson Place,94841,774,2023-10-07 00:00:00
775,VP Accounting,4,2335 Sundown Drive,185738,775,2023-09-09 00:00:00
776,Financial Analyst,6,610 Michigan Trail,194861,776,2023-09-05 00:00:00
777,Web Developer I,10,417 Maple Wood Lane,119681,777,2023-10-05 00:00:00
778,Cost Accountant,1,29 Prairieview Junction,115606,778,2023-10-08 00:00:00
779,Editor,6,9 Muir Way,150997,779,2023-09-19 00:00:00
780,Food Chemist,5,11971 1st Point,190183,780,2023-10-04 00:00:00
781,Physical Therapy Assistant,0,2 Sheridan Center,128029,781,2023-10-24 00:00:00
782,Administrative Officer,1,9077 Atwood Road,84967,782,2023-10-18 00:00:00
783,Professor,5,87 Old Shore Circle,99475,783,2023-09-18 00:00:00
784,Senior Sales Associate,9,101 Sutteridge Crossing,86916,784,2023-10-16 00:00:00
785,Payment Adjustment Coordinator,7,434 Bartelt Alley,115880,785,2023-09-20 00:00:00
786,Human Resources Assistant III,1,38 Mayfield Road,187377,786,2023-09-11 00:00:00
787,Programmer I,2,4 Packers Crossing,186321,787,2023-09-04 00:00:00
788,Tax Accountant,2,3 Lakewood Gardens Junction,191300,788,2023-10-01 00:00:00
789,Legal Assistant,9,07 Northview Road,166309,789,2023-09-17 00:00:00
790,Associate Professor,2,9 Merchant Junction,118290,790,2023-09-27 00:00:00
791,Senior Editor,8,09 Gale Court,134101,791,2023-09-07 00:00:00
792,Product Engineer,0,675 Sommers Street,129752,792,2023-09-15 00:00:00
793,Nuclear Power Engineer,5,02829 Green Ridge Parkway,146980,793,2023-10-22 00:00:00
794,Web Developer I,2,2 Nevada Place,182716,794,2023-10-03 00:00:00
795,Payment Adjustment Coordinator,7,1281 Vermont Street,177729,795,2023-09-29 00:00:00
796,Administrative Officer,10,38 David Trail,177921,796,2023-09-10 00:00:00
797,Recruiter,5,86793 Shelley Place,149348,797,2023-10-18 00:00:00
798,Staff Accountant II,3,98821 Pine View Terrace,94941,798,2023-09-05 00:00:00
799,Nuclear Power Engineer,4,9 Mayer Park,150631,799,2023-09-02 00:00:00
800,Web Developer II,6,80 David Circle,145899,800,2023-09-24 00:00:00
801,Web Designer II,0,800 Northview Plaza,183161,801,2023-09-03 00:00:00
802,Recruiting Manager,5,25751 Pearson Point,160071,802,2023-09-17 00:00:00
803,Compensation Analyst,9,938 Nelson Center,118784,803,2023-09-04 00:00:00
804,Research Nurse,7,6108 Shoshone Plaza,163086,804,2023-09-15 00:00:00
805,Media Manager III,3,0 Emmet Court,168263,805,2023-09-26 00:00:00
806,Marketing Assistant,3,31960 Quincy Alley,177696,806,2023-09-27 00:00:00
807,GIS Technical Architect,0,8 Debs Drive,135952,807,2023-10-13 00:00:00
808,VP Accounting,9,804 Maryland Point,165010,808,2023-09-01 00:00:00
809,Accounting Assistant II,7,49 Hoffman Center,162378,809,2023-09-04 00:00:00
810,Chief Design Engineer,3,65321 Lindbergh Road,154570,810,2023-10-24 00:00:00
811,Engineer I,2,84013 Graedel Way,170312,811,2023-10-22 00:00:00
812,Help Desk Technician,8,94 Brickson Park Lane,106536,812,2023-09-30 00:00:00
813,Office Assistant I,6,0 Norway Maple Park,86092,813,2023-09-13 00:00:00
814,Director of Sales,0,135 Ridgeway Lane,184657,814,2023-10-01 00:00:00
815,Operator,10,236 Oak Street,86610,815,2023-09-28 00:00:00
816,Data Coordinator,10,088 Clarendon Circle,98658,816,2023-10-11 00:00:00
817,GIS Technical Architect,7,85 Logan Crossing,87813,817,2023-09-20 00:00:00
818,Nuclear Power Engineer,4,7 Pond Junction,144144,818,2023-09-13 00:00:00
819,Database Administrator II,1,7762 Victoria Way,80184,819,2023-10-19 00:00:00
820,Physical Therapy Assistant,5,2 Nelson Place,170514,820,2023-09-02 00:00:00
821,Cost Accountant,1,876 Forest Terrace,100538,821,2023-09-06 00:00:00
822,Environmental Specialist,10,09 Daystar Court,163417,822,2023-10-13 00:00:00
823,Internal Auditor,4,0 Susan Point,164745,823,2023-09-14 00:00:00
824,Analyst Programmer,6,14095 Talisman Park,145196,824,2023-09-25 00:00:00
825,Chief Design Engineer,6,47682 Wayridge Junction,118751,825,2023-09-07 00:00:00
826,Database Administrator II,8,3224 Scoville Avenue,110796,826,2023-09-11 00:00:00
827,Legal Assistant,6,2 Hallows Parkway,129039,827,2023-10-07 00:00:00
828,Information Systems Manager,1,59731 Tomscot Street,169772,828,2023-09-02 00:00:00
829,Financial Analyst,2,8 Alpine Circle,175233,829,2023-09-29 00:00:00
830,Food Chemist,5,85090 Springs Trail,92627,830,2023-09-19 00:00:00
831,Accounting Assistant IV,4,358 Daystar Place,135968,831,2023-10-08 00:00:00
832,Sales Associate,5,95 Sage Alley,122428,832,2023-09-21 00:00:00
833,Database Administrator III,0,980 Cordelia Hill,142689,833,2023-10-18 00:00:00
834,Administrative Officer,9,70 Warbler Parkway,161621,834,2023-10-22 00:00:00
835,Quality Control Specialist,5,52984 Schmedeman Place,165680,835,2023-09-02 00:00:00
836,VP Marketing,5,65202 Steensland Point,86540,836,2023-09-26 00:00:00
837,Automation Specialist III,10,6 Blue Bill Park Road,187788,837,2023-09-30 00:00:00
838,Assistant Manager,7,4158 Burning Wood Way,192026,838,2023-09-11 00:00:00
839,Physical Therapy Assistant,9,25 Pond Crossing,166324,839,2023-10-03 00:00:00
840,Project Manager,0,01981 Crest Line Alley,182782,840,2023-10-13 00:00:00
841,Legal Assistant,0,1994 Oak Way,138574,841,2023-10-24 00:00:00
842,Geologist IV,9,0 Evergreen Center,186996,842,2023-09-17 00:00:00
843,Paralegal,3,861 Artisan Trail,87845,843,2023-10-16 00:00:00
844,Account Representative I,1,57654 Warbler Alley,94383,844,2023-09-18 00:00:00
845,Account Coordinator,1,3 Mayer Circle,185976,845,2023-10-19 00:00:00
846,Help Desk Operator,3,18 Ryan Hill,187320,846,2023-10-15 00:00:00
847,Financial Analyst,8,974 5th Lane,125692,847,2023-10-05 00:00:00
848,Software Engineer III,0,6 Texas Way,198769,848,2023-10-08 00:00:00
849,Nuclear Power Engineer,9,1808 Graedel Parkway,151184,849,2023-10-09 00:00:00
850,Product Engineer,8,869 Northfield Terrace,150771,850,2023-10-07 00:00:00
851,Environmental Tech,8,463 Dakota Way,121408,851,2023-09-07 00:00:00
852,Payment Adjustment Coordinator,4,89944 Oakridge Parkway,170573,852,2023-10-24 00:00:00
853,Account Representative II,5,75 Pennsylvania Circle,92276,853,2023-09-16 00:00:00
854,Associate Professor,10,0049 Kensington Point,84973,854,2023-10-22 00:00:00
855,Analog Circuit Design manager,7,23 Lawn Center,84054,855,2023-09-17 00:00:00
856,Geological Engineer,6,96 Oneill Plaza,99419,856,2023-09-24 00:00:00
857,Environmental Specialist,10,5806 Sugar Street,156657,857,2023-09-18 00:00:00
858,Staff Accountant I,5,446 Sloan Pass,140502,858,2023-09-21 00:00:00
859,Assistant Professor,3,04 Graedel Crossing,142243,859,2023-09-03 00:00:00
860,Recruiter,3,5703 Comanche Trail,85007,860,2023-10-05 00:00:00
861,Chemical Engineer,5,9246 Hansons Avenue,123061,861,2023-09-07 00:00:00
862,Director of Sales,9,3612 Westend Point,98123,862,2023-09-15 00:00:00
863,Associate Professor,6,093 Maple Wood Park,131390,863,2023-09-08 00:00:00
864,Geologist IV,6,49204 Vernon Alley,92818,864,2023-10-18 00:00:00
865,Information Systems Manager,0,649 Crowley Circle,173470,865,2023-09-09 00:00:00
866,Environmental Tech,0,7 Anniversary Junction,143480,866,2023-10-12 00:00:00
867,Database Administrator IV,1,9494 Chinook Terrace,123506,867,2023-09-18 00:00:00
868,Account Representative III,7,5979 Carberry Plaza,88640,868,2023-09-19 00:00:00
869,Information Systems Manager,9,63 Miller Court,114157,869,2023-10-05 00:00:00
870,Financial Analyst,1,2717 Oak Valley Parkway,87763,870,2023-10-12 00:00:00
871,Nurse,7,62 Duke Pass,82111,871,2023-09-24 00:00:00
872,Human Resources Assistant IV,2,1 Fremont Point,163240,872,2023-09-30 00:00:00
873,VP Quality Control,9,96 Spohn Terrace,80601,873,2023-09-10 00:00:00
874,VP Accounting,1,6289 Duke Circle,186202,874,2023-09-17 00:00:00
875,Budget/Accounting Analyst II,10,1440 Roxbury Pass,191159,875,2023-09-22 00:00:00
876,Data Coordinator,6,54444 Lakeland Place,144728,876,2023-10-16 00:00:00
877,Cost Accountant,2,52183 Nova Drive,137292,877,2023-10-17 00:00:00
878,VP Sales,5,40 Texas Park,90658,878,2023-09-15 00:00:00
879,Research Associate,7,22906 Forest Park,105435,879,2023-10-22 00:00:00
880,Structural Engineer,0,109 Northfield Crossing,155589,880,2023-10-03 00:00:00
881,Computer Systems Analyst III,4,0265 Hanover Trail,189605,881,2023-09-18 00:00:00
882,Marketing Assistant,6,5 Grayhawk Street,112428,882,2023-09-12 00:00:00
883,Clinical Specialist,9,42 Hooker Street,109213,883,2023-09-30 00:00:00
884,Editor,10,1 Kedzie Park,83635,884,2023-10-21 00:00:00
885,Account Executive,8,599 Haas Plaza,145961,885,2023-09-21 00:00:00
886,Clinical Specialist,2,4 Parkside Point,109054,886,2023-09-08 00:00:00
887,Financial Advisor,9,56 Del Mar Junction,127715,887,2023-10-19 00:00:00
888,Marketing Manager,8,37556 Eastwood Park,96431,888,2023-10-13 00:00:00
889,Data Coordinator,4,429 American Ash Circle,142009,889,2023-10-19 00:00:00
890,VP Marketing,0,85 Daystar Road,84883,890,2023-09-07 00:00:00
891,Clinical Specialist,2,4028 Clarendon Road,135788,891,2023-10-24 00:00:00
892,Junior Executive,2,7051 Oak Valley Center,192210,892,2023-09-24 00:00:00
893,Registered Nurse,10,012 Heffernan Trail,107127,893,2023-09-11 00:00:00
894,Mechanical Systems Engineer,6,665 Jana Alley,118144,894,2023-09-04 00:00:00
895,Web Developer IV,6,0468 Fordem Circle,147563,895,2023-10-19 00:00:00
896,Senior Developer,10,17148 Melvin Trail,123727,896,2023-10-21 00:00:00
897,Registered Nurse,6,4937 Meadow Vale Point,142852,897,2023-09-06 00:00:00
898,Database Administrator III,3,5504 4th Terrace,92648,898,2023-09-02 00:00:00
899,Associate Professor,5,38 Grover Avenue,175775,899,2023-09-13 00:00:00
900,Senior Sales Associate,5,5617 Gale Center,104526,900,2023-10-07 00:00:00
901,Paralegal,9,86 Crest Line Alley,162809,901,2023-09-16 00:00:00
902,Data Coordinator,10,9546 Morningstar Avenue,107972,902,2023-09-09 00:00:00
903,Civil Engineer,3,8286 Golf Course Crossing,104252,903,2023-09-29 00:00:00
904,Senior Editor,1,5282 Clemons Center,98842,904,2023-10-16 00:00:00
905,Biostatistician II,3,3341 Arapahoe Park,95059,905,2023-09-17 00:00:00
906,Marketing Assistant,1,7787 Gateway Way,115097,906,2023-10-02 00:00:00
907,Geologist II,1,1 Bartillon Court,95211,907,2023-10-01 00:00:00
908,Junior Executive,0,9261 Garrison Terrace,179810,908,2023-10-11 00:00:00
909,VP Product Management,2,07436 Clarendon Road,104814,909,2023-10-04 00:00:00
910,Senior Editor,6,117 Hooker Hill,151723,910,2023-09-04 00:00:00
911,Safety Technician III,4,391 Leroy Center,199039,911,2023-09-03 00:00:00
912,Internal Auditor,4,8 Raven Drive,81504,912,2023-10-01 00:00:00
913,Librarian,2,7678 Dorton Lane,124571,913,2023-09-23 00:00:00
914,Tax Accountant,4,9330 Emmet Crossing,92297,914,2023-10-17 00:00:00
915,VP Accounting,6,80 Daystar Plaza,109618,915,2023-09-08 00:00:00
916,Senior Cost Accountant,8,43 Pearson Lane,183736,916,2023-09-26 00:00:00
917,Safety Technician I,8,5510 Sommers Hill,181873,917,2023-09-18 00:00:00
918,Web Developer I,7,1256 Memorial Parkway,103204,918,2023-09-02 00:00:00
919,Assistant Manager,7,788 Swallow Point,145946,919,2023-10-11 00:00:00
920,Research Assistant II,1,355 Novick Lane,166567,920,2023-10-13 00:00:00
921,Social Worker,9,1002 Blackbird Circle,188727,921,2023-09-02 00:00:00
922,Pharmacist,6,24 Wayridge Drive,158292,922,2023-10-05 00:00:00
923,Nurse Practicioner,9,7284 Karstens Place,94310,923,2023-10-09 00:00:00
924,Recruiting Manager,9,9 Linden Center,194103,924,2023-10-16 00:00:00
925,Help Desk Operator,8,923 Morningstar Drive,119822,925,2023-09-20 00:00:00
926,Human Resources Assistant II,5,79460 Ridgeview Drive,111555,926,2023-10-14 00:00:00
927,Budget/Accounting Analyst I,1,250 Clarendon Street,95237,927,2023-09-12 00:00:00
928,Sales Associate,9,94086 Hoffman Park,140203,928,2023-10-22 00:00:00
929,Analog Circuit Design manager,7,2 Pepper Wood Parkway,193870,929,2023-09-27 00:00:00
930,General Manager,10,585 Scofield Court,80192,930,2023-10-11 00:00:00
931,Administrative Officer,4,5621 Pond Pass,199318,931,2023-09-07 00:00:00
932,VP Marketing,10,326 Bunting Street,99942,932,2023-09-05 00:00:00
933,Nurse Practicioner,3,92505 Kropf Parkway,196008,933,2023-09-29 00:00:00
934,VP Sales,4,2292 Butterfield Court,152886,934,2023-10-19 00:00:00
935,Programmer IV,6,5708 Rusk Way,164922,935,2023-10-22 00:00:00
936,Product Engineer,0,8076 Sunfield Circle,82176,936,2023-09-21 00:00:00
937,Developer III,1,77 Sycamore Drive,96607,937,2023-09-24 00:00:00
938,Civil Engineer,5,31 Fuller Parkway,113740,938,2023-09-09 00:00:00
939,Dental Hygienist,2,3 Haas Pass,193096,939,2023-10-12 00:00:00
940,Senior Editor,1,685 Vidon Park,128192,940,2023-09-28 00:00:00
941,VP Quality Control,5,56 Eagan Road,118999,941,2023-09-19 00:00:00
942,Legal Assistant,6,2697 Havey Park,102759,942,2023-09-26 00:00:00
943,Structural Engineer,7,17 Stephen Street,93070,943,2023-09-11 00:00:00
944,Budget/Accounting Analyst III,2,5179 Boyd Junction,95259,944,2023-09-30 00:00:00
945,Graphic Designer,3,2341 Ridgeway Avenue,174988,945,2023-09-25 00:00:00
946,Biostatistician II,10,90 Ilene Park,122382,946,2023-09-13 00:00:00
947,Geologist I,3,82 Tennyson Trail,105920,947,2023-10-15 00:00:00
948,Technical Writer,9,564 Trailsway Pass,89943,948,2023-10-21 00:00:00
949,Help Desk Technician,5,58 Melvin Avenue,112514,949,2023-09-20 00:00:00
950,Staff Accountant II,5,5 Hallows Street,158622,950,2023-09-13 00:00:00
951,Design Engineer,5,4 Forest Hill,83879,951,2023-10-07 00:00:00
952,Compensation Analyst,1,56 Morning Court,122536,952,2023-10-18 00:00:00
953,Tax Accountant,2,3 Center Trail,100726,953,2023-10-05 00:00:00
954,Tax Accountant,6,97 Barnett Park,133463,954,2023-10-13 00:00:00
955,Nuclear Power Engineer,0,3671 Lindbergh Terrace,135874,955,2023-09-18 00:00:00
956,Office Assistant II,4,638 Manufacturers Park,179148,956,2023-09-30 00:00:00
957,Product Engineer,5,3206 Oak Center,139055,957,2023-10-09 00:00:00
958,Marketing Manager,10,295 Thompson Street,80786,958,2023-09-11 00:00:00
959,Chief Design Engineer,8,85844 Mosinee Trail,92384,959,2023-10-11 00:00:00
960,Sales Representative,10,5221 East Road,111526,960,2023-10-21 00:00:00
961,Budget/Accounting Analyst IV,3,76 Loeprich Circle,132680,961,2023-10-13 00:00:00
962,Web Developer II,1,177 Dovetail Trail,170999,962,2023-09-25 00:00:00
963,Food Chemist,3,90455 Meadow Ridge Terrace,187847,963,2023-09-14 00:00:00
964,Software Consultant,5,5191 Acker Street,96819,964,2023-10-12 00:00:00
965,Food Chemist,0,02 Brentwood Park,171121,965,2023-10-05 00:00:00
966,Design Engineer,8,58 Delladonna Terrace,131644,966,2023-10-06 00:00:00
967,Editor,9,6 Northwestern Alley,148602,967,2023-10-13 00:00:00
968,Desktop Support Technician,0,4 School Place,126343,968,2023-10-15 00:00:00
969,Pharmacist,2,965 Kenwood Trail,102101,969,2023-09-23 00:00:00
970,Internal Auditor,7,80 Laurel Place,96137,970,2023-10-09 00:00:00
971,Web Designer III,2,73 Drewry Trail,180541,971,2023-09-23 00:00:00
972,Professor,0,498 New Castle Street,114011,972,2023-09-21 00:00:00
973,Internal Auditor,6,43205 Steensland Pass,177769,973,2023-10-05 00:00:00
974,Analyst Programmer,4,09 Sommers Point,124662,974,2023-09-21 00:00:00
975,Editor,5,952 Northridge Place,96610,975,2023-09-08 00:00:00
976,Financial Analyst,8,24 Lakeland Trail,105846,976,2023-09-16 00:00:00
977,Research Assistant I,7,4991 Commercial Junction,148940,977,2023-10-07 00:00:00
978,Chemical Engineer,5,90036 North Alley,156454,978,2023-10-22 00:00:00
979,Associate Professor,4,39 Independence Drive,168392,979,2023-09-21 00:00:00
980,Professor,8,4 Anderson Crossing,158129,980,2023-10-01 00:00:00
981,Assistant Professor,10,869 Cherokee Point,94551,981,2023-09-20 00:00:00
982,Technical Writer,5,7594 Cardinal Crossing,123954,982,2023-09-23 00:00:00
983,Geological Engineer,10,0706 Hoard Point,160289,983,2023-10-03 00:00:00
984,Librarian,5,3754 Namekagon Alley,148091,984,2023-10-01 00:00:00
985,Accounting Assistant III,5,471 Memorial Park,116596,985,2023-10-05 00:00:00
986,Health Coach III,5,6 Mcguire Trail,104690,986,2023-09-29 00:00:00
987,Financial Advisor,7,610 Mosinee Avenue,127267,987,2023-09-16 00:00:00
988,Help Desk Technician,2,2931 Anniversary Center,97435,988,2023-10-20 00:00:00
989,Developer IV,4,62246 7th Lane,137554,989,2023-10-13 00:00:00
990,Office Assistant I,5,30 Waywood Plaza,125606,990,2023-09-23 00:00:00
991,Electrical Engineer,3,87 School Junction,159571,991,2023-09-26 00:00:00
992,Help Desk Operator,7,27 Vermont Terrace,136675,992,2023-09-28 00:00:00
993,Project Manager,10,386 Karstens Terrace,193459,993,2023-09-27 00:00:00
994,Electrical Engineer,5,652 Armistice Parkway,187734,994,2023-09-01 00:00:00
995,Recruiting Manager,1,2 Summerview Hill,138023,995,2023-09-12 00:00:00
996,Staff Accountant I,4,6015 Donald Court,172707,996,2023-10-08 00:00:00
997,Executive Secretary,7,2556 Artisan Center,190819,997,2023-10-12 00:00:00
998,Payment Adjustment Coordinator,10,6 Rutledge Road,151496,998,2023-10-02 00:00:00
999,Systems Administrator IV,4,1 Mockingbird Lane,175248,999,2023-09-24 00:00:00
1000,Accounting Assistant I,6,565 Independence Parkway,145437,1000,2023-10-07 00:00:00
